"","affairs","gender","age","yearsmarried","children","religiousness","education","occupation","rating"
"4","0","male","37","9 à 11 anos","no","ligeramente religioso","Mestrado","Trabalhadores em produção e serviços","feliz"
"5","0","female","27","3 à 5 anos","no","pouco religioso","ensino superior incompleto","Trabalhadores de escritório e vendas","feliz"
"11","0","female","32","12 ou mais anos","yes","anti-religião","ensino médio","Profissionais e líderes executivos de grandes empresas","feliz"
"16","0","male","57","12 ou mais anos","yes","muito religioso","Mestrado","Trabalhadores de escritório e vendas","muito feliz"
"23","0","male","22","6 meses à 1 ano","no","nada religioso","Pós-graduação","Trabalhadores de escritório e vendas","imparcial"
"29","0","female","32","1 à 2 anos","no","nada religioso","Pós-graduação","Funcionários administrativos em níveis intermediários","muito feliz"
"44","0","female","22","6 meses à 1 ano","no","nada religioso","ensino médio","Profissionais e líderes executivos de grandes empresas","imparcial"
"45","0","male","57","12 ou mais anos","yes","nada religioso","ensino superior incompleto","Supervisores e técnicos em profissões especializadas","feliz"
"47","0","female","32","12 ou mais anos","yes","pouco religioso","nível superior","Profissionais e líderes executivos de grandes empresas","infeliz"
"49","0","male","22","1 à 2 anos","no","pouco religioso","ensino superior incompleto","Supervisores e técnicos em profissões especializadas","muito feliz"
"50","0","male","37","12 ou mais anos","yes","nada religioso","Doutorado, Mestrado ou outro grau avançado","Trabalhadores em produção e serviços","infeliz"
"55","0","male","27","3 à 5 anos","yes","pouco religioso","Mestrado","Trabalhadores de escritório e vendas","feliz"
"64","0","male","47","12 ou mais anos","yes","muito religioso","Pós-graduação","Trabalhadores de escritório e vendas","feliz"
"80","0","female","22","1 à 2 anos","no","nada religioso","Pós-graduação","Funcionários administrativos em níveis intermediários","feliz"
"86","0","female","27","3 à 5 anos","no","pouco religioso","ensino superior incompleto","Funcionários administrativos em níveis intermediários","feliz"
"93","0","female","37","12 ou mais anos","yes","anti-religião","Pós-graduação","Funcionários administrativos em níveis intermediários","muito feliz"
"108","0","female","37","12 ou mais anos","yes","nada religioso","Mestrado","Supervisores e técnicos em profissões especializadas","imparcial"
"114","0","female","22","6 meses à 1 ano","no","ligeramente religioso","nível superior","Funcionários administrativos em níveis intermediários","feliz"
"115","0","female","22","1 à 2 anos","no","nada religioso","nível superior","Funcionários administrativos em níveis intermediários","muito feliz"
"116","0","female","27","9 à 11 anos","yes","nada religioso","ensino superior incompleto","Profissionais e líderes executivos de grandes empresas","muito feliz"
"123","0","female","22","1 à 2 anos","no","nada religioso","nível superior","Funcionários administrativos em níveis intermediários","muito feliz"
"127","0","female","22","1 à 2 anos","no","nada religioso","nível superior","Funcionários administrativos em níveis intermediários","muito feliz"
"129","0","female","27","9 à 11 anos","yes","pouco religioso","nível superior","Funcionários administrativos em níveis intermediários","feliz"
"134","0","female","32","9 à 11 anos","yes","ligeramente religioso","ensino superior incompleto","Profissionais e líderes executivos de grandes empresas","muito feliz"
"137","0","male","37","3 à 5 anos","yes","nada religioso","Doutorado, Mestrado ou outro grau avançado","Trabalhadores de escritório e vendas","feliz"
"139","0","female","22","1 à 2 anos","no","nada religioso","Mestrado","Funcionários administrativos em níveis intermediários","muito feliz"
"147","0","female","27","6 à 8 anos","no","pouco religioso","nível superior","Profissionais e líderes executivos de grandes empresas","muito feliz"
"151","0","male","42","12 ou mais anos","yes","muito religioso","Doutorado, Mestrado ou outro grau avançado","Trabalhadores de escritório e vendas","feliz"
"153","0","male","27","3 à 5 anos","yes","ligeramente religioso","nível superior","Funcionários administrativos em níveis intermediários","muito feliz"
"155","0","female","27","3 à 5 anos","yes","ligeramente religioso","Pós-graduação","Funcionários administrativos em níveis intermediários","feliz"
"162","0","male","42","12 ou mais anos","yes","pouco religioso","Doutorado, Mestrado ou outro grau avançado","Trabalhadores de escritório e vendas","imparcial"
"163","0","female","22","1 à 2 anos","no","ligeramente religioso","nível superior","Funcionários administrativos em níveis intermediários","muito feliz"
"165","0","male","27","4 à 6 meses","no","pouco religioso","Pós-graduação","Trabalhadores de escritório e vendas","feliz"
"168","0","female","42","12 ou mais anos","yes","muito religioso","ensino superior incompleto","Funcionários administrativos em níveis intermediários","feliz"
"170","0","male","32","3 à 5 anos","yes","anti-religião","Mestrado","Trabalhadores de escritório e vendas","feliz"
"172","0","female","22","1 à 2 anos","no","pouco religioso","nível superior","Funcionários administrativos em níveis intermediários","imparcial"
"184","0","female","42","12 ou mais anos","yes","ligeramente religioso","ensino médio","Profissionais e líderes executivos de grandes empresas","feliz"
"187","0","female","22","3 à 5 anos","no","pouco religioso","Pós-graduação","Funcionários administrativos em níveis intermediários","muito feliz"
"192","0","male","22","1 à 2 anos","yes","anti-religião","ensino superior incompleto","Proprietários de pequenos negócios","muito feliz"
"194","0","female","22","6 meses à 1 ano","no","ligeramente religioso","nível superior","Profissionais e líderes executivos de grandes empresas","muito feliz"
"210","0","male","32","9 à 11 anos","yes","muito religioso","Doutorado, Mestrado ou outro grau avançado","Trabalhadores de escritório e vendas","muito feliz"
"217","0","male","52","12 ou mais anos","yes","muito religioso","Mestrado","Trabalhadores de escritório e vendas","imparcial"
"220","0","female","22","4 à 6 meses","no","muito religioso","ensino superior incompleto","Profissionais e líderes executivos de grandes empresas","feliz"
"224","0","female","27","3 à 5 anos","yes","nada religioso","Mestrado","Trabalhadores de escritório e vendas","muito infeliz"
"227","0","female","32","6 à 8 anos","yes","muito religioso","Pós-graduação","Funcionários administrativos em níveis intermediários","imparcial"
"228","0","male","22","3 à 5 anos","no","ligeramente religioso","nível superior","Funcionários administrativos em níveis intermediários","muito feliz"
"239","0","female","27","6 à 8 anos","yes","pouco religioso","Mestrado","Trabalhadores de escritório e vendas","muito feliz"
"241","0","female","42","12 ou mais anos","yes","nada religioso","Mestrado","Funcionários administrativos em níveis intermediários","feliz"
"245","0","male","27","1 à 2 anos","yes","pouco religioso","nível superior","Proprietários de pequenos negócios","muito feliz"
"249","0","male","42","12 ou mais anos","yes","nada religioso","Doutorado, Mestrado ou outro grau avançado","Trabalhadores de escritório e vendas","feliz"
"262","0","female","22","6 meses à 1 ano","no","muito religioso","ensino superior incompleto","Proprietários de pequenos negócios","muito feliz"
"265","0","male","32","6 à 8 anos","yes","nada religioso","Doutorado, Mestrado ou outro grau avançado","Trabalhadores de escritório e vendas","feliz"
"267","0","male","27","3 à 5 anos","yes","muito religioso","Doutorado, Mestrado ou outro grau avançado","Trabalhadores de escritório e vendas","muito feliz"
"269","0","male","27","9 à 11 anos","yes","pouco religioso","Doutorado, Mestrado ou outro grau avançado","Trabalhadores de escritório e vendas","feliz"
"271","0","male","22","3 à 5 anos","no","anti-religião","Mestrado","Funcionários administrativos em níveis intermediários","muito feliz"
"277","0","female","37","12 ou mais anos","yes","pouco religioso","ensino superior incompleto","Proprietários de pequenos negócios","muito infeliz"
"290","0","male","22","1 à 2 anos","yes","muito religioso","nível superior","Supervisores e técnicos em profissões especializadas","feliz"
"292","0","female","37","12 ou mais anos","yes","pouco religioso","Pós-graduação","Profissionais e líderes executivos de grandes empresas","muito feliz"
"293","0","female","27","6 meses à 1 ano","no","pouco religioso","Pós-graduação","Funcionários administrativos em níveis intermediários","feliz"
"295","0","male","32","9 à 11 anos","yes","pouco religioso","Doutorado, Mestrado ou outro grau avançado","Trabalhadores de escritório e vendas","feliz"
"299","0","female","47","12 ou mais anos","yes","muito religioso","ensino superior incompleto","Trabalhadores em produção e serviços","infeliz"
"320","0","male","37","9 à 11 anos","yes","ligeramente religioso","Doutorado, Mestrado ou outro grau avançado","Trabalhadores de escritório e vendas","feliz"
"321","0","female","22","6 meses à 1 ano","no","nada religioso","nível superior","Funcionários administrativos em níveis intermediários","muito feliz"
"324","0","male","27","3 à 5 anos","no","nada religioso","Mestrado","Supervisores e técnicos em profissões especializadas","muito feliz"
"334","0","male","32","6 à 8 anos","no","pouco religioso","Doutorado, Mestrado ou outro grau avançado","Trabalhadores de escritório e vendas","feliz"
"351","0","male","42","12 ou mais anos","yes","nada religioso","Pós-graduação","Proprietários de pequenos negócios","muito feliz"
"355","0","male","37","9 à 11 anos","yes","pouco religioso","Doutorado, Mestrado ou outro grau avançado","Trabalhadores de escritório e vendas","feliz"
"361","0","female","47","12 ou mais anos","yes","ligeramente religioso","Pós-graduação","Trabalhadores de escritório e vendas","muito feliz"
"362","0","female","22","1 à 2 anos","no","muito religioso","nível superior","Funcionários administrativos em níveis intermediários","muito feliz"
"366","0","female","27","1 à 2 anos","no","nada religioso","nível superior","Trabalhadores de escritório e vendas","feliz"
"370","0","female","27","3 à 5 anos","no","ligeramente religioso","Pós-graduação","Funcionários administrativos em níveis intermediários","muito feliz"
"374","0","female","32","9 à 11 anos","yes","muito religioso","ensino superior incompleto","Supervisores e técnicos em profissões especializadas","muito feliz"
"378","0","female","22","3 meses ou menos","no","nada religioso","ensino médio","Funcionários administrativos em níveis intermediários","muito feliz"
"381","0","male","47","12 ou mais anos","yes","pouco religioso","ensino superior incompleto","Supervisores e técnicos em profissões especializadas","imparcial"
"382","0","male","32","12 ou mais anos","yes","anti-religião","ensino superior incompleto","Funcionários administrativos em níveis intermediários","muito feliz"
"383","0","male","27","6 à 8 anos","yes","pouco religioso","nível superior","Funcionários administrativos em níveis intermediários","muito feliz"
"384","0","female","22","1 à 2 anos","yes","ligeramente religioso","nível superior","Funcionários administrativos em níveis intermediários","muito feliz"
"400","0","male","27","3 à 5 anos","yes","ligeramente religioso","Pós-graduação","Trabalhadores de escritório e vendas","muito feliz"
"403","0","female","22","1 à 2 anos","no","ligeramente religioso","nível superior","Funcionários administrativos em níveis intermediários","muito feliz"
"409","0","male","57","12 ou mais anos","yes","nada religioso","ensino superior incompleto","Trabalhadores em produção e serviços","infeliz"
"412","0","male","17.5","1 à 2 anos","yes","ligeramente religioso","Mestrado","Trabalhadores de escritório e vendas","muito feliz"
"413","0","male","57","12 ou mais anos","yes","pouco religioso","Doutorado, Mestrado ou outro grau avançado","Trabalhadores de escritório e vendas","muito feliz"
"416","0","female","22","6 meses à 1 ano","no","nada religioso","nível superior","Proprietários de pequenos negócios","feliz"
"418","0","male","42","3 à 5 anos","no","pouco religioso","Pós-graduação","Proprietários de pequenos negócios","imparcial"
"422","0","female","22","1 à 2 anos","yes","pouco religioso","ensino médio","Profissionais e líderes executivos de grandes empresas","muito feliz"
"435","0","female","22","4 à 6 meses","no","anti-religião","Pós-graduação","Trabalhadores de escritório e vendas","feliz"
"439","0","female","32","12 ou mais anos","yes","pouco religioso","Pós-graduação","Funcionários administrativos em níveis intermediários","muito feliz"
"445","0","female","27","1 à 2 anos","no","ligeramente religioso","Mestrado","Funcionários administrativos em níveis intermediários","infeliz"
"447","0","female","22","1 à 2 anos","yes","ligeramente religioso","ensino superior incompleto","Profissionais e líderes executivos de grandes empresas","muito feliz"
"448","0","female","37","12 ou mais anos","yes","ligeramente religioso","ensino superior incompleto","Profissionais e líderes executivos de grandes empresas","feliz"
"449","0","female","32","12 ou mais anos","yes","pouco religioso","ensino superior incompleto","Proprietários de pequenos negócios","feliz"
"478","0","male","37","9 à 11 anos","yes","nada religioso","ensino superior incompleto","Funcionários administrativos em níveis intermediários","imparcial"
"482","0","male","37","9 à 11 anos","yes","pouco religioso","nível superior","Funcionários administrativos em níveis intermediários","feliz"
"486","0","male","57","12 ou mais anos","yes","muito religioso","Doutorado, Mestrado ou outro grau avançado","Funcionários administrativos em níveis intermediários","imparcial"
"489","0","male","27","4 à 6 meses","no","anti-religião","nível superior","Proprietários de pequenos negócios","feliz"
"490","0","female","42","12 ou mais anos","yes","muito religioso","ensino superior incompleto","Profissionais e líderes executivos de grandes empresas","muito feliz"
"491","0","male","57","12 ou mais anos","yes","ligeramente religioso","nível superior","Trabalhadores de escritório e vendas","muito infeliz"
"492","0","male","37","9 à 11 anos","yes","anti-religião","nível superior","Trabalhadores de escritório e vendas","feliz"
"503","0","male","37","12 ou mais anos","yes","ligeramente religioso","Pós-graduação","Funcionários administrativos em níveis intermediários","muito feliz"
"508","0","male","37","12 ou mais anos","yes","pouco religioso","Doutorado, Mestrado ou outro grau avançado","Trabalhadores de escritório e vendas","muito feliz"
"509","0","female","27","9 à 11 anos","yes","muito religioso","ensino superior incompleto","Profissionais e líderes executivos de grandes empresas","muito feliz"
"512","0","male","37","9 à 11 anos","yes","nada religioso","Mestrado","Trabalhadores de escritório e vendas","feliz"
"515","0","female","22","3 meses ou menos","no","pouco religioso","ensino médio","Supervisores e técnicos em profissões especializadas","muito feliz"
"517","0","male","57","12 ou mais anos","yes","muito religioso","Doutorado, Mestrado ou outro grau avançado","Trabalhadores de escritório e vendas","muito feliz"
"532","0","female","37","12 ou mais anos","yes","pouco religioso","Mestrado","Trabalhadores de escritório e vendas","feliz"
"533","0","male","22","3 à 5 anos","yes","pouco religioso","ensino superior incompleto","Trabalhadores de escritório e vendas","feliz"
"535","0","male","27","6 à 8 anos","yes","pouco religioso","Mestrado","Funcionários administrativos em níveis intermediários","feliz"
"537","0","male","57","12 ou mais anos","yes","pouco religioso","Doutorado, Mestrado ou outro grau avançado","Funcionários administrativos em níveis intermediários","feliz"
"538","0","male","32","12 ou mais anos","yes","ligeramente religioso","ensino superior incompleto","Trabalhadores de escritório e vendas","imparcial"
"543","0","female","22","1 à 2 anos","no","nada religioso","ensino superior incompleto","Funcionários administrativos em níveis intermediários","feliz"
"547","0","female","32","6 à 8 anos","yes","pouco religioso","Pós-graduação","Profissionais e líderes executivos de grandes empresas","muito feliz"
"550","0","female","37","12 ou mais anos","yes","pouco religioso","Pós-graduação","Trabalhadores de escritório e vendas","muito feliz"
"558","0","female","32","1 à 2 anos","no","muito religioso","Mestrado","Funcionários administrativos em níveis intermediários","muito feliz"
"571","0","male","42","9 à 11 anos","yes","muito religioso","Doutorado, Mestrado ou outro grau avançado","Trabalhadores em produção e serviços","feliz"
"578","0","female","27","6 à 8 anos","no","ligeramente religioso","nível superior","Funcionários administrativos em níveis intermediários","feliz"
"583","0","male","37","12 ou mais anos","no","pouco religioso","Doutorado, Mestrado ou outro grau avançado","Trabalhadores de escritório e vendas","muito feliz"
"586","0","male","37","12 ou mais anos","yes","pouco religioso","ensino superior incompleto","Proprietários de pequenos negócios","infeliz"
"594","0","male","32","9 à 11 anos","no","muito religioso","Mestrado","Trabalhadores de escritório e vendas","feliz"
"597","0","female","22","6 meses à 1 ano","no","pouco religioso","nível superior","Profissionais e líderes executivos de grandes empresas","muito feliz"
"602","0","female","27","6 à 8 anos","yes","pouco religioso","ensino médio","Gerentes de médias e pequenas empresas","feliz"
"603","0","female","27","6 à 8 anos","yes","nada religioso","nível superior","Gerentes de médias e pequenas empresas","muito feliz"
"604","0","female","42","12 ou mais anos","yes","muito religioso","Mestrado","Funcionários administrativos em níveis intermediários","feliz"
"612","0","male","42","12 ou mais anos","yes","pouco religioso","Pós-graduação","Funcionários administrativos em níveis intermediários","imparcial"
"613","0","female","27","6 à 8 anos","yes","nada religioso","nível superior","Profissionais e líderes executivos de grandes empresas","infeliz"
"621","0","female","22","1 à 2 anos","no","ligeramente religioso","nível superior","Funcionários administrativos em níveis intermediários","muito feliz"
"627","0","male","37","12 ou mais anos","yes","muito religioso","Doutorado, Mestrado ou outro grau avançado","Trabalhadores de escritório e vendas","muito feliz"
"630","0","female","22","3 meses ou menos","no","nada religioso","ensino superior incompleto","Supervisores e técnicos em profissões especializadas","muito feliz"
"631","0","male","27","1 à 2 anos","no","pouco religioso","nível superior","Funcionários administrativos em níveis intermediários","muito feliz"
"632","0","male","32","1 à 2 anos","no","nada religioso","Mestrado","Trabalhadores de escritório e vendas","muito feliz"
"639","0","male","27","1 à 2 anos","no","nada religioso","Pós-graduação","Trabalhadores de escritório e vendas","muito feliz"
"645","0","female","27","9 à 11 anos","yes","pouco religioso","nível superior","Profissionais e líderes executivos de grandes empresas","imparcial"
"647","0","male","42","12 ou mais anos","yes","pouco religioso","Mestrado","Trabalhadores de escritório e vendas","muito feliz"
"648","0","female","27","1 à 2 anos","no","nada religioso","nível superior","Trabalhadores de escritório e vendas","muito feliz"
"651","0","male","27","3 à 5 anos","no","nada religioso","Mestrado","Trabalhadores de escritório e vendas","imparcial"
"655","0","female","32","9 à 11 anos","yes","ligeramente religioso","ensino superior incompleto","Funcionários administrativos em níveis intermediários","imparcial"
"667","0","female","32","12 ou mais anos","yes","ligeramente religioso","Mestrado","Funcionários administrativos em níveis intermediários","feliz"
"670","0","female","22","6 meses à 1 ano","no","nada religioso","Mestrado","Trabalhadores de escritório e vendas","muito feliz"
"671","0","female","37","12 ou mais anos","yes","nada religioso","nível superior","Profissionais e líderes executivos de grandes empresas","feliz"
"673","0","male","27","3 à 5 anos","yes","pouco religioso","Doutorado, Mestrado ou outro grau avançado","Funcionários administrativos em níveis intermediários","muito feliz"
"701","0","male","27","3 à 5 anos","no","anti-religião","Doutorado, Mestrado ou outro grau avançado","Funcionários administrativos em níveis intermediários","feliz"
"705","0","female","27","9 à 11 anos","yes","nada religioso","ensino médio","Profissionais e líderes executivos de grandes empresas","feliz"
"706","0","female","32","12 ou mais anos","yes","muito religioso","Mestrado","Trabalhadores de escritório e vendas","feliz"
"709","0","male","27","6 à 8 anos","yes","muito religioso","ensino médio","Funcionários administrativos em níveis intermediários","imparcial"
"717","0","male","52","12 ou mais anos","yes","nada religioso","Mestrado","Funcionários administrativos em níveis intermediários","feliz"
"719","0","male","27","3 à 5 anos","no","ligeramente religioso","Doutorado, Mestrado ou outro grau avançado","Trabalhadores de escritório e vendas","imparcial"
"723","0","male","37","3 à 5 anos","yes","anti-religião","Mestrado","Funcionários administrativos em níveis intermediários","feliz"
"724","0","male","27","3 à 5 anos","yes","pouco religioso","ensino superior incompleto","Funcionários administrativos em níveis intermediários","feliz"
"726","0","female","52","12 ou mais anos","yes","muito religioso","ensino médio","Profissionais e líderes executivos de grandes empresas","imparcial"
"734","0","female","57","12 ou mais anos","yes","pouco religioso","nível superior","Trabalhadores de escritório e vendas","feliz"
"735","0","male","27","6 à 8 anos","yes","anti-religião","nível superior","Funcionários administrativos em níveis intermediários","feliz"
"736","0","male","37","6 à 8 anos","yes","pouco religioso","Doutorado, Mestrado ou outro grau avançado","Trabalhadores de escritório e vendas","imparcial"
"737","0","male","22","6 meses à 1 ano","no","nada religioso","ensino superior incompleto","Supervisores e técnicos em profissões especializadas","imparcial"
"739","0","male","32","3 à 5 anos","yes","nada religioso","Mestrado","Funcionários administrativos em níveis intermediários","imparcial"
"743","0","male","37","12 ou mais anos","yes","pouco religioso","Doutorado, Mestrado ou outro grau avançado","Trabalhadores de escritório e vendas","imparcial"
"745","0","male","22","6 meses à 1 ano","yes","nada religioso","ensino superior incompleto","Supervisores e técnicos em profissões especializadas","imparcial"
"747","0","male","42","12 ou mais anos","yes","pouco religioso","Doutorado, Mestrado ou outro grau avançado","Trabalhadores de escritório e vendas","imparcial"
"751","0","female","52","12 ou mais anos","yes","muito religioso","Pós-graduação","Profissionais e líderes executivos de grandes empresas","muito infeliz"
"752","0","female","37","12 ou mais anos","yes","pouco religioso","ensino superior incompleto","Profissionais e líderes executivos de grandes empresas","infeliz"
"754","0","male","27","6 à 8 anos","yes","pouco religioso","ensino superior incompleto","Funcionários administrativos em níveis intermediários","imparcial"
"760","0","male","32","3 à 5 anos","yes","nada religioso","nível superior","Funcionários administrativos em níveis intermediários","muito feliz"
"763","0","female","27","3 à 5 anos","yes","nada religioso","Mestrado","Trabalhadores de escritório e vendas","muito feliz"
"774","0","female","27","3 à 5 anos","yes","nada religioso","Mestrado","Funcionários administrativos em níveis intermediários","muito feliz"
"776","0","male","37","12 ou mais anos","yes","muito religioso","Mestrado","Trabalhadores de escritório e vendas","muito feliz"
"779","0","female","47","12 ou mais anos","yes","muito religioso","ensino médio","Funcionários administrativos em níveis intermediários","feliz"
"784","0","female","32","9 à 11 anos","yes","ligeramente religioso","Pós-graduação","Profissionais e líderes executivos de grandes empresas","feliz"
"788","0","female","27","1 à 2 anos","yes","pouco religioso","Pós-graduação","Profissionais e líderes executivos de grandes empresas","infeliz"
"794","0","female","57","12 ou mais anos","yes","nada religioso","Mestrado","Funcionários administrativos em níveis intermediários","infeliz"
"795","0","female","22","1 à 2 anos","no","pouco religioso","ensino superior incompleto","Funcionários administrativos em níveis intermediários","feliz"
"798","0","male","42","12 ou mais anos","yes","ligeramente religioso","ensino superior incompleto","Proprietários de pequenos negócios","feliz"
"800","0","male","57","12 ou mais anos","yes","pouco religioso","ensino fundamental","Gerentes de médias e pequenas empresas","infeliz"
"803","0","male","57","12 ou mais anos","yes","pouco religioso","Doutorado, Mestrado ou outro grau avançado","Trabalhadores de escritório e vendas","muito feliz"
"807","0","female","22","3 meses ou menos","no","pouco religioso","ensino superior incompleto","Supervisores e técnicos em profissões especializadas","muito feliz"
"812","0","female","32","9 à 11 anos","yes","pouco religioso","ensino superior incompleto","Profissionais e líderes executivos de grandes empresas","muito feliz"
"820","0","female","42","12 ou mais anos","yes","ligeramente religioso","Mestrado","Funcionários administrativos em níveis intermediários","feliz"
"823","0","female","27","1 à 2 anos","no","nada religioso","Mestrado","Trabalhadores de escritório e vendas","muito feliz"
"830","0","male","32","3 meses ou menos","yes","nada religioso","Mestrado","Funcionários administrativos em níveis intermediários","infeliz"
"843","0","female","27","3 à 5 anos","no","ligeramente religioso","nível superior","Funcionários administrativos em níveis intermediários","feliz"
"848","0","female","27","9 à 11 anos","yes","nada religioso","nível superior","Profissionais e líderes executivos de grandes empresas","feliz"
"851","0","female","32","6 à 8 anos","yes","pouco religioso","nível superior","Profissionais e líderes executivos de grandes empresas","imparcial"
"854","0","female","37","12 ou mais anos","yes","pouco religioso","ensino superior incompleto","Funcionários administrativos em níveis intermediários","feliz"
"856","0","female","42","12 ou mais anos","yes","muito religioso","Pós-graduação","Trabalhadores de escritório e vendas","infeliz"
"857","0","male","32","1 à 2 anos","yes","pouco religioso","ensino superior incompleto","Trabalhadores de escritório e vendas","muito feliz"
"859","0","female","32","3 à 5 anos","yes","ligeramente religioso","Pós-graduação","Funcionários administrativos em níveis intermediários","imparcial"
"863","0","female","37","6 à 8 anos","no","pouco religioso","Mestrado","Funcionários administrativos em níveis intermediários","muito feliz"
"865","0","female","22","4 à 6 meses","yes","ligeramente religioso","ensino superior incompleto","Proprietários de pequenos negócios","muito feliz"
"867","0","female","27","6 à 8 anos","yes","pouco religioso","ensino superior incompleto","Profissionais e líderes executivos de grandes empresas","muito feliz"
"870","0","male","27","6 meses à 1 ano","no","ligeramente religioso","nível superior","Funcionários administrativos em níveis intermediários","muito feliz"
"873","0","male","27","3 à 5 anos","yes","nada religioso","Doutorado, Mestrado ou outro grau avançado","Funcionários administrativos em níveis intermediários","muito feliz"
"875","0","male","32","9 à 11 anos","yes","pouco religioso","nível superior","Supervisores e técnicos em profissões especializadas","muito feliz"
"876","0","male","32","12 ou mais anos","yes","anti-religião","ensino superior incompleto","Funcionários administrativos em níveis intermediários","muito feliz"
"877","0","male","22","6 meses à 1 ano","no","ligeramente religioso","Pós-graduação","Supervisores e técnicos em profissões especializadas","muito feliz"
"880","0","female","27","6 à 8 anos","yes","pouco religioso","Pós-graduação","Profissionais e líderes executivos de grandes empresas","feliz"
"903","0","male","27","4 à 6 meses","yes","pouco religioso","Doutorado, Mestrado ou outro grau avançado","Funcionários administrativos em níveis intermediários","feliz"
"904","0","male","37","12 ou mais anos","yes","pouco religioso","Doutorado, Mestrado ou outro grau avançado","Funcionários administrativos em níveis intermediários","feliz"
"905","0","female","37","12 ou mais anos","yes","nada religioso","ensino superior incompleto","Profissionais e líderes executivos de grandes empresas","imparcial"
"908","0","male","22","3 à 5 anos","yes","anti-religião","Mestrado","Funcionários administrativos em níveis intermediários","feliz"
"909","0","male","37","12 ou mais anos","yes","pouco religioso","Pós-graduação","Funcionários administrativos em níveis intermediários","imparcial"
"910","0","female","22","1 à 2 anos","no","nada religioso","ensino superior incompleto","Supervisores e técnicos em profissões especializadas","muito feliz"
"912","0","male","52","12 ou mais anos","yes","pouco religioso","ensino superior incompleto","Trabalhadores de escritório e vendas","infeliz"
"914","0","female","22","1 à 2 anos","no","pouco religioso","Pós-graduação","Funcionários administrativos em níveis intermediários","muito feliz"
"915","0","male","32","3 à 5 anos","yes","muito religioso","ensino superior incompleto","Proprietários de pequenos negócios","muito feliz"
"916","0","male","32","3 à 5 anos","yes","nada religioso","ensino superior incompleto","Proprietários de pequenos negócios","muito feliz"
"920","0","female","22","1 à 2 anos","no","ligeramente religioso","nível superior","Trabalhadores de escritório e vendas","muito feliz"
"921","0","male","27","6 meses à 1 ano","no","nada religioso","Mestrado","Proprietários de pequenos negócios","imparcial"
"925","0","female","22","6 à 8 anos","yes","nada religioso","ensino superior incompleto","Funcionários administrativos em níveis intermediários","infeliz"
"926","0","female","27","6 meses à 1 ano","no","nada religioso","Pós-graduação","Funcionários administrativos em níveis intermediários","imparcial"
"929","0","female","37","12 ou mais anos","yes","pouco religioso","ensino médio","Profissionais e líderes executivos de grandes empresas","infeliz"
"931","0","female","22","1 à 2 anos","no","anti-religião","ensino superior incompleto","Profissionais e líderes executivos de grandes empresas","muito feliz"
"945","0","female","37","9 à 11 anos","no","nada religioso","ensino médio","Supervisores e técnicos em profissões especializadas","feliz"
"947","0","female","37","12 ou mais anos","yes","pouco religioso","Mestrado","Funcionários administrativos em níveis intermediários","imparcial"
"949","0","female","42","12 ou mais anos","yes","ligeramente religioso","ensino médio","Proprietários de pequenos negócios","imparcial"
"950","0","male","22","3 à 5 anos","no","nada religioso","Mestrado","Funcionários administrativos em níveis intermediários","muito feliz"
"961","0","male","52","6 à 8 anos","yes","nada religioso","Doutorado, Mestrado ou outro grau avançado","Trabalhadores de escritório e vendas","infeliz"
"965","0","male","27","6 meses à 1 ano","no","nada religioso","Pós-graduação","Funcionários administrativos em níveis intermediários","muito feliz"
"966","0","female","27","3 à 5 anos","no","nada religioso","Pós-graduação","Supervisores e técnicos em profissões especializadas","muito feliz"
"967","0","male","42","1 à 2 anos","no","muito religioso","Doutorado, Mestrado ou outro grau avançado","Trabalhadores de escritório e vendas","muito feliz"
"987","0","male","22","1 à 2 anos","no","pouco religioso","Pós-graduação","Trabalhadores de escritório e vendas","muito feliz"
"990","0","male","22","3 à 5 anos","no","pouco religioso","Pós-graduação","Funcionários administrativos em níveis intermediários","imparcial"
"992","0","female","22","3 à 5 anos","yes","anti-religião","ensino superior incompleto","Funcionários administrativos em níveis intermediários","feliz"
"995","0","male","37","12 ou mais anos","yes","muito religioso","Doutorado, Mestrado ou outro grau avançado","Supervisores e técnicos em profissões especializadas","muito feliz"
"1009","0","female","37","9 à 11 anos","yes","ligeramente religioso","nível superior","Trabalhadores de escritório e vendas","imparcial"
"1021","0","male","42","12 ou mais anos","yes","pouco religioso","Pós-graduação","Trabalhadores de escritório e vendas","muito feliz"
"1026","0","female","47","12 ou mais anos","yes","pouco religioso","Pós-graduação","Funcionários administrativos em níveis intermediários","muito feliz"
"1027","0","male","22","1 à 2 anos","no","pouco religioso","nível superior","Funcionários administrativos em níveis intermediários","feliz"
"1030","0","female","32","9 à 11 anos","yes","ligeramente religioso","ensino médio","Profissionais e líderes executivos de grandes empresas","feliz"
"1031","0","female","22","6 à 8 anos","yes","anti-religião","ensino superior incompleto","Proprietários de pequenos negócios","muito feliz"
"1034","0","female","32","9 à 11 anos","yes","pouco religioso","Pós-graduação","Funcionários administrativos em níveis intermediários","feliz"
"1037","0","male","27","1 à 2 anos","yes","nada religioso","nível superior","Gerentes de médias e pequenas empresas","feliz"
"1038","0","male","37","12 ou mais anos","yes","pouco religioso","ensino superior incompleto","Funcionários administrativos em níveis intermediários","muito feliz"
"1039","0","male","42","3 à 5 anos","yes","ligeramente religioso","ensino superior incompleto","Supervisores e técnicos em profissões especializadas","muito feliz"
"1045","0","female","37","12 ou mais anos","yes","muito religioso","ensino superior incompleto","Funcionários administrativos em níveis intermediários","feliz"
"1046","0","female","32","6 à 8 anos","yes","pouco religioso","Pós-graduação","Funcionários administrativos em níveis intermediários","muito feliz"
"1054","0","female","42","12 ou mais anos","yes","pouco religioso","Mestrado","Trabalhadores de escritório e vendas","muito feliz"
"1059","0","male","27","3 à 5 anos","no","pouco religioso","Mestrado","Trabalhadores de escritório e vendas","feliz"
"1063","0","male","22","6 meses à 1 ano","no","pouco religioso","Mestrado","Trabalhadores de escritório e vendas","muito feliz"
"1068","0","male","27","3 à 5 anos","yes","pouco religioso","ensino superior incompleto","Funcionários administrativos em níveis intermediários","imparcial"
"1070","0","female","22","6 meses à 1 ano","no","muito religioso","Mestrado","Profissionais e líderes executivos de grandes empresas","muito feliz"
"1072","0","female","52","12 ou mais anos","yes","muito religioso","ensino fundamental","Funcionários administrativos em níveis intermediários","muito feliz"
"1073","0","male","32","9 à 11 anos","yes","ligeramente religioso","ensino superior incompleto","Funcionários administrativos em níveis intermediários","muito feliz"
"1077","0","female","37","12 ou mais anos","yes","pouco religioso","nível superior","Supervisores e técnicos em profissões especializadas","feliz"
"1081","0","male","32","6 à 8 anos","yes","nada religioso","Doutorado, Mestrado ou outro grau avançado","Funcionários administrativos em níveis intermediários","feliz"
"1083","0","female","42","12 ou mais anos","yes","ligeramente religioso","Mestrado","Profissionais e líderes executivos de grandes empresas","feliz"
"1084","0","male","32","12 ou mais anos","yes","anti-religião","nível superior","Funcionários administrativos em níveis intermediários","muito feliz"
"1086","0","male","27","3 à 5 anos","yes","ligeramente religioso","Mestrado","Funcionários administrativos em níveis intermediários","muito feliz"
"1087","0","female","32","12 ou mais anos","yes","pouco religioso","ensino médio","Proprietários de pequenos negócios","feliz"
"1089","0","male","22","6 meses à 1 ano","yes","ligeramente religioso","ensino superior incompleto","Gerentes de médias e pequenas empresas","feliz"
"1096","0","female","22","1 à 2 anos","no","ligeramente religioso","nível superior","Funcionários administrativos em níveis intermediários","imparcial"
"1102","0","female","42","12 ou mais anos","yes","pouco religioso","ensino superior incompleto","Proprietários de pequenos negócios","muito feliz"
"1103","0","female","52","12 ou mais anos","yes","ligeramente religioso","nível superior","Funcionários administrativos em níveis intermediários","feliz"
"1107","0","male","37","12 ou mais anos","yes","muito religioso","Doutorado, Mestrado ou outro grau avançado","Trabalhadores de escritório e vendas","feliz"
"1109","0","female","47","12 ou mais anos","yes","pouco religioso","ensino médio","Gerentes de médias e pequenas empresas","imparcial"
"1115","0","male","57","12 ou mais anos","yes","nada religioso","Doutorado, Mestrado ou outro grau avançado","Trabalhadores de escritório e vendas","feliz"
"1119","0","male","32","6 à 8 anos","yes","pouco religioso","Pós-graduação","Funcionários administrativos em níveis intermediários","muito feliz"
"1124","0","female","27","6 à 8 anos","yes","pouco religioso","Pós-graduação","Profissionais e líderes executivos de grandes empresas","feliz"
"1126","0","male","22","1 à 2 anos","no","anti-religião","Mestrado","Trabalhadores de escritório e vendas","muito feliz"
"1128","0","female","22","3 à 5 anos","yes","ligeramente religioso","ensino fundamental","Profissionais e líderes executivos de grandes empresas","feliz"
"1129","0","female","22","1 à 2 anos","no","nada religioso","ensino superior incompleto","Profissionais e líderes executivos de grandes empresas","muito feliz"
"1130","0","male","42","12 ou mais anos","yes","nada religioso","Doutorado, Mestrado ou outro grau avançado","Trabalhadores de escritório e vendas","feliz"
"1133","0","male","57","12 ou mais anos","yes","pouco religioso","ensino fundamental","Gerentes de médias e pequenas empresas","feliz"
"1140","0","female","27","6 à 8 anos","yes","nada religioso","Mestrado","Profissionais e líderes executivos de grandes empresas","muito feliz"
"1143","0","female","22","3 à 5 anos","yes","ligeramente religioso","ensino superior incompleto","Profissionais e líderes executivos de grandes empresas","muito feliz"
"1146","0","male","37","12 ou mais anos","yes","pouco religioso","ensino superior incompleto","Funcionários administrativos em níveis intermediários","imparcial"
"1153","0","male","32","6 à 8 anos","yes","anti-religião","Mestrado","Trabalhadores de escritório e vendas","feliz"
"1156","0","female","22","1 à 2 anos","no","nada religioso","ensino superior incompleto","Funcionários administrativos em níveis intermediários","muito feliz"
"1157","0","female","22","1 à 2 anos","yes","ligeramente religioso","ensino médio","Profissionais e líderes executivos de grandes empresas","imparcial"
"1158","0","male","52","12 ou mais anos","yes","nada religioso","ensino superior incompleto","Funcionários administrativos em níveis intermediários","muito feliz"
"1160","0","female","37","12 ou mais anos","yes","nada religioso","ensino superior incompleto","Profissionais e líderes executivos de grandes empresas","muito infeliz"
"1161","0","female","32","9 à 11 anos","yes","nada religioso","ensino superior incompleto","Funcionários administrativos em níveis intermediários","muito feliz"
"1166","0","male","42","12 ou mais anos","yes","pouco religioso","Doutorado, Mestrado ou outro grau avançado","Supervisores e técnicos em profissões especializadas","muito feliz"
"1177","0","female","27","3 à 5 anos","yes","ligeramente religioso","Mestrado","Supervisores e técnicos em profissões especializadas","muito feliz"
"1178","0","male","37","12 ou mais anos","yes","pouco religioso","Doutorado, Mestrado ou outro grau avançado","Trabalhadores de escritório e vendas","muito feliz"
"1180","0","male","27","1 à 2 anos","no","ligeramente religioso","Mestrado","Funcionários administrativos em níveis intermediários","muito feliz"
"1187","0","female","22","3 meses ou menos","no","nada religioso","nível superior","Trabalhadores de escritório e vendas","imparcial"
"1191","0","male","32","9 à 11 anos","yes","nada religioso","Doutorado, Mestrado ou outro grau avançado","Trabalhadores de escritório e vendas","imparcial"
"1195","0","female","27","3 à 5 anos","no","pouco religioso","Mestrado","Funcionários administrativos em níveis intermediários","feliz"
"1207","0","female","27","6 à 8 anos","yes","nada religioso","ensino médio","Funcionários administrativos em níveis intermediários","muito infeliz"
"1208","0","male","32","3 à 5 anos","yes","muito religioso","Mestrado","Trabalhadores de escritório e vendas","imparcial"
"1209","0","female","37","12 ou mais anos","yes","nada religioso","Pós-graduação","Funcionários administrativos em níveis intermediários","muito feliz"
"1211","0","male","47","12 ou mais anos","no","pouco religioso","Doutorado, Mestrado ou outro grau avançado","Trabalhadores de escritório e vendas","feliz"
"1215","0","male","27","1 à 2 anos","no","anti-religião","Mestrado","Funcionários administrativos em níveis intermediários","muito feliz"
"1221","0","male","37","12 ou mais anos","yes","pouco religioso","Doutorado, Mestrado ou outro grau avançado","Trabalhadores de escritório e vendas","feliz"
"1226","0","female","32","12 ou mais anos","yes","pouco religioso","Mestrado","Profissionais e líderes executivos de grandes empresas","feliz"
"1229","0","female","32","6 à 8 anos","yes","pouco religioso","Pós-graduação","Funcionários administrativos em níveis intermediários","feliz"
"1231","0","female","42","12 ou mais anos","yes","ligeramente religioso","ensino superior incompleto","Profissionais e líderes executivos de grandes empresas","imparcial"
"1234","0","female","27","6 à 8 anos","yes","ligeramente religioso","nível superior","Profissionais e líderes executivos de grandes empresas","feliz"
"1235","0","male","27","1 à 2 anos","no","ligeramente religioso","nível superior","Supervisores e técnicos em profissões especializadas","infeliz"
"1242","0","male","22","1 à 2 anos","no","ligeramente religioso","nível superior","Proprietários de pequenos negócios","muito feliz"
"1245","0","male","27","3 à 5 anos","yes","ligeramente religioso","nível superior","Supervisores e técnicos em profissões especializadas","infeliz"
"1260","0","female","27","6 à 8 anos","yes","ligeramente religioso","ensino médio","Profissionais e líderes executivos de grandes empresas","infeliz"
"1266","0","female","37","12 ou mais anos","yes","nada religioso","Mestrado","Funcionários administrativos em níveis intermediários","feliz"
"1271","0","female","37","6 à 8 anos","yes","ligeramente religioso","ensino superior incompleto","Supervisores e técnicos em profissões especializadas","feliz"
"1273","0","male","22","1 à 2 anos","no","nada religioso","nível superior","Funcionários administrativos em níveis intermediários","muito feliz"
"1276","0","male","37","12 ou mais anos","yes","muito religioso","Doutorado, Mestrado ou outro grau avançado","Funcionários administrativos em níveis intermediários","feliz"
"1280","0","female","22","1 à 2 anos","no","pouco religioso","nível superior","Funcionários administrativos em níveis intermediários","imparcial"
"1282","0","female","32","9 à 11 anos","yes","pouco religioso","nível superior","Profissionais e líderes executivos de grandes empresas","muito feliz"
"1285","0","male","27","3 à 5 anos","no","nada religioso","Pós-graduação","Funcionários administrativos em níveis intermediários","imparcial"
"1295","0","female","22","4 à 6 meses","no","pouco religioso","ensino superior incompleto","Funcionários administrativos em níveis intermediários","muito feliz"
"1298","0","female","27","3 à 5 anos","no","nada religioso","Mestrado","Funcionários administrativos em níveis intermediários","muito feliz"
"1299","0","male","37","12 ou mais anos","yes","pouco religioso","Mestrado","Funcionários administrativos em níveis intermediários","imparcial"
"1304","0","male","37","9 à 11 anos","yes","muito religioso","Doutorado, Mestrado ou outro grau avançado","Trabalhadores em produção e serviços","feliz"
"1305","0","female","27","6 à 8 anos","yes","nada religioso","ensino superior incompleto","Supervisores e técnicos em profissões especializadas","infeliz"
"1311","0","male","32","3 à 5 anos","yes","nada religioso","nível superior","Funcionários administrativos em níveis intermediários","muito feliz"
"1314","0","male","32","3 à 5 anos","yes","nada religioso","nível superior","Trabalhadores de escritório e vendas","feliz"
"1319","0","male","22","1 à 2 anos","no","ligeramente religioso","Mestrado","Supervisores e técnicos em profissões especializadas","muito feliz"
"1322","0","female","22","3 à 5 anos","yes","pouco religioso","ensino superior incompleto","Proprietários de pequenos negócios","feliz"
"1324","0","female","17.5","6 meses à 1 ano","no","nada religioso","Mestrado","Funcionários administrativos em níveis intermediários","feliz"
"1327","0","male","32","9 à 11 anos","yes","pouco religioso","Doutorado, Mestrado ou outro grau avançado","Supervisores e técnicos em profissões especializadas","muito feliz"
"1328","0","female","32","6 meses à 1 ano","no","muito religioso","ensino superior incompleto","Proprietários de pequenos negócios","imparcial"
"1330","0","male","37","12 ou mais anos","yes","pouco religioso","Pós-graduação","Funcionários administrativos em níveis intermediários","imparcial"
"1332","0","male","32","3 à 5 anos","no","ligeramente religioso","ensino superior incompleto","Supervisores e técnicos em profissões especializadas","muito feliz"
"1333","0","female","27","1 à 2 anos","no","nada religioso","Pós-graduação","Proprietários de pequenos negócios","infeliz"
"1336","0","female","22","6 à 8 anos","yes","pouco religioso","ensino superior incompleto","Profissionais e líderes executivos de grandes empresas","muito feliz"
"1341","0","male","47","12 ou mais anos","yes","muito religioso","ensino superior incompleto","Trabalhadores de escritório e vendas","muito feliz"
"1344","0","male","27","3 à 5 anos","yes","anti-religião","nível superior","Supervisores e técnicos em profissões especializadas","feliz"
"1352","0","female","37","12 ou mais anos","yes","muito religioso","ensino superior incompleto","Profissionais e líderes executivos de grandes empresas","imparcial"
"1358","0","male","42","3 à 5 anos","yes","pouco religioso","Mestrado","Funcionários administrativos em níveis intermediários","muito feliz"
"1359","0","female","32","3 à 5 anos","yes","nada religioso","ensino superior incompleto","Profissionais e líderes executivos de grandes empresas","muito feliz"
"1361","0","male","52","12 ou mais anos","yes","nada religioso","ensino superior incompleto","Trabalhadores em produção e serviços","feliz"
"1364","0","female","22","1 à 2 anos","no","nada religioso","nível superior","Profissionais e líderes executivos de grandes empresas","feliz"
"1368","0","male","52","12 ou mais anos","yes","pouco religioso","ensino médio","Gerentes de médias e pequenas empresas","feliz"
"1384","0","female","22","4 à 6 meses","no","ligeramente religioso","Pós-graduação","Profissionais e líderes executivos de grandes empresas","muito feliz"
"1390","0","female","22","1 à 2 anos","no","nada religioso","nível superior","Funcionários administrativos em níveis intermediários","muito feliz"
"1393","0","male","27","3 à 5 anos","yes","pouco religioso","Doutorado, Mestrado ou outro grau avançado","Trabalhadores de escritório e vendas","feliz"
"1394","0","female","32","12 ou mais anos","yes","pouco religioso","ensino superior incompleto","Profissionais e líderes executivos de grandes empresas","muito feliz"
"1402","0","female","27","1 à 2 anos","no","nada religioso","nível superior","Proprietários de pequenos negócios","muito feliz"
"1407","0","male","32","3 à 5 anos","no","anti-religião","Doutorado, Mestrado ou outro grau avançado","Trabalhadores de escritório e vendas","muito feliz"
"1408","0","male","37","12 ou mais anos","yes","ligeramente religioso","Doutorado, Mestrado ou outro grau avançado","Trabalhadores de escritório e vendas","feliz"
"1412","0","female","32","9 à 11 anos","no","nada religioso","nível superior","Trabalhadores de escritório e vendas","muito feliz"
"1413","0","female","32","9 à 11 anos","yes","muito religioso","ensino superior incompleto","Funcionários administrativos em níveis intermediários","muito feliz"
"1416","0","male","37","1 à 2 anos","yes","pouco religioso","Mestrado","Funcionários administrativos em níveis intermediários","imparcial"
"1417","0","male","32","1 à 2 anos","no","nada religioso","Mestrado","Supervisores e técnicos em profissões especializadas","feliz"
"1418","0","female","32","9 à 11 anos","yes","pouco religioso","ensino superior incompleto","Profissionais e líderes executivos de grandes empresas","feliz"
"1419","0","female","47","12 ou mais anos","yes","pouco religioso","Mestrado","Funcionários administrativos em níveis intermediários","feliz"
"1420","0","female","27","9 à 11 anos","yes","muito religioso","ensino médio","Profissionais e líderes executivos de grandes empresas","muito feliz"
"1423","0","male","27","3 à 5 anos","yes","ligeramente religioso","nível superior","Supervisores e técnicos em profissões especializadas","muito feliz"
"1424","0","female","37","12 ou mais anos","yes","pouco religioso","ensino médio","Supervisores e técnicos em profissões especializadas","infeliz"
"1432","0","female","27","6 meses à 1 ano","no","pouco religioso","nível superior","Funcionários administrativos em níveis intermediários","muito feliz"
"1433","0","female","37","12 ou mais anos","yes","pouco religioso","nível superior","Profissionais e líderes executivos de grandes empresas","muito feliz"
"1437","0","female","32","12 ou mais anos","yes","ligeramente religioso","nível superior","Profissionais e líderes executivos de grandes empresas","muito feliz"
"1438","0","female","27","9 à 11 anos","yes","nada religioso","nível superior","Profissionais e líderes executivos de grandes empresas","muito feliz"
"1439","0","male","27","6 à 8 anos","no","nada religioso","Doutorado, Mestrado ou outro grau avançado","Trabalhadores de escritório e vendas","muito feliz"
"1446","0","female","37","12 ou mais anos","yes","nada religioso","ensino superior incompleto","Profissionais e líderes executivos de grandes empresas","imparcial"
"1450","0","male","27","1 à 2 anos","yes","nada religioso","Pós-graduação","Supervisores e técnicos em profissões especializadas","feliz"
"1451","0","female","22","6 meses à 1 ano","yes","nada religioso","ensino superior incompleto","Profissionais e líderes executivos de grandes empresas","muito feliz"
"1452","0","male","22","3 à 5 anos","yes","pouco religioso","ensino superior incompleto","Gerentes de médias e pequenas empresas","feliz"
"1453","0","male","42","3 meses ou menos","no","pouco religioso","Pós-graduação","Trabalhadores de escritório e vendas","feliz"
"1456","0","male","27","1 à 2 anos","yes","pouco religioso","Mestrado","Trabalhadores de escritório e vendas","muito feliz"
"1464","0","male","27","6 à 8 anos","yes","ligeramente religioso","nível superior","Trabalhadores de escritório e vendas","imparcial"
"1469","0","female","52","12 ou mais anos","yes","pouco religioso","ensino superior incompleto","Profissionais e líderes executivos de grandes empresas","imparcial"
"1473","0","male","27","1 à 2 anos","no","muito religioso","Doutorado, Mestrado ou outro grau avançado","Funcionários administrativos em níveis intermediários","infeliz"
"1481","0","female","27","1 à 2 anos","no","nada religioso","nível superior","Funcionários administrativos em níveis intermediários","muito feliz"
"1482","0","female","27","1 à 2 anos","no","ligeramente religioso","Pós-graduação","Funcionários administrativos em níveis intermediários","muito feliz"
"1496","0","male","22","3 meses ou menos","no","muito religioso","nível superior","Supervisores e técnicos em profissões especializadas","feliz"
"1497","0","female","27","3 à 5 anos","yes","pouco religioso","nível superior","Profissionais e líderes executivos de grandes empresas","muito feliz"
"1504","0","female","27","3 à 5 anos","yes","pouco religioso","ensino médio","Profissionais e líderes executivos de grandes empresas","muito feliz"
"1513","0","female","47","12 ou mais anos","yes","nada religioso","ensino superior incompleto","Funcionários administrativos em níveis intermediários","muito feliz"
"1515","0","female","32","12 ou mais anos","yes","ligeramente religioso","ensino superior incompleto","Funcionários administrativos em níveis intermediários","imparcial"
"1534","0","male","42","6 à 8 anos","yes","nada religioso","nível superior","Funcionários administrativos em níveis intermediários","muito feliz"
"1535","0","male","22","6 meses à 1 ano","no","pouco religioso","nível superior","Trabalhadores de escritório e vendas","feliz"
"1536","0","male","27","3 meses ou menos","no","ligeramente religioso","Doutorado, Mestrado ou outro grau avançado","Trabalhadores de escritório e vendas","muito feliz"
"1540","0","male","32","9 à 11 anos","yes","ligeramente religioso","Doutorado, Mestrado ou outro grau avançado","Trabalhadores de escritório e vendas","muito feliz"
"1551","0","female","22","4 à 6 meses","no","muito religioso","ensino superior incompleto","Supervisores e técnicos em profissões especializadas","muito feliz"
"1555","0","female","47","12 ou mais anos","yes","muito religioso","ensino superior incompleto","Profissionais e líderes executivos de grandes empresas","feliz"
"1557","0","female","32","9 à 11 anos","yes","ligeramente religioso","ensino superior incompleto","Profissionais e líderes executivos de grandes empresas","muito feliz"
"1566","0","male","57","12 ou mais anos","yes","pouco religioso","Pós-graduação","Funcionários administrativos em níveis intermediários","muito feliz"
"1567","0","male","27","3 à 5 anos","yes","ligeramente religioso","Doutorado, Mestrado ou outro grau avançado","Trabalhadores de escritório e vendas","muito feliz"
"1576","0","female","32","6 à 8 anos","yes","pouco religioso","Pós-graduação","Profissionais e líderes executivos de grandes empresas","muito feliz"
"1584","0","female","37","9 à 11 anos","yes","pouco religioso","nível superior","Profissionais e líderes executivos de grandes empresas","muito feliz"
"1585","0","female","32","9 à 11 anos","yes","anti-religião","Mestrado","Profissionais e líderes executivos de grandes empresas","feliz"
"1590","0","female","22","3 à 5 anos","no","ligeramente religioso","ensino superior incompleto","Profissionais e líderes executivos de grandes empresas","feliz"
"1594","0","female","27","6 à 8 anos","yes","pouco religioso","ensino superior incompleto","Proprietários de pequenos negócios","infeliz"
"1595","0","male","57","12 ou mais anos","yes","muito religioso","Mestrado","Funcionários administrativos em níveis intermediários","infeliz"
"1603","0","male","32","6 à 8 anos","yes","nada religioso","Mestrado","Funcionários administrativos em níveis intermediários","muito feliz"
"1608","0","female","27","1 à 2 anos","no","pouco religioso","Pós-graduação","Profissionais e líderes executivos de grandes empresas","imparcial"
"1609","0","male","22","1 à 2 anos","no","pouco religioso","ensino superior incompleto","Funcionários administrativos em níveis intermediários","muito feliz"
"1615","0","female","22","1 à 2 anos","yes","pouco religioso","ensino superior incompleto","Funcionários administrativos em níveis intermediários","feliz"
"1616","0","female","32","6 à 8 anos","yes","ligeramente religioso","nível superior","Profissionais e líderes executivos de grandes empresas","muito feliz"
"1617","0","female","47","12 ou mais anos","yes","ligeramente religioso","nível superior","Funcionários administrativos em níveis intermediários","feliz"
"1620","0","female","22","6 meses à 1 ano","no","ligeramente religioso","nível superior","Profissionais e líderes executivos de grandes empresas","muito feliz"
"1621","0","female","22","1 à 2 anos","yes","nada religioso","ensino superior incompleto","Funcionários administrativos em níveis intermediários","muito feliz"
"1637","0","female","27","3 à 5 anos","yes","anti-religião","nível superior","Funcionários administrativos em níveis intermediários","muito feliz"
"1638","0","male","52","12 ou mais anos","yes","pouco religioso","nível superior","Funcionários administrativos em níveis intermediários","muito feliz"
"1650","0","male","32","9 à 11 anos","yes","pouco religioso","Doutorado, Mestrado ou outro grau avançado","Trabalhadores de escritório e vendas","muito feliz"
"1654","0","male","47","12 ou mais anos","yes","pouco religioso","nível superior","Trabalhadores de escritório e vendas","feliz"
"1665","0","female","27","6 à 8 anos","yes","nada religioso","ensino superior incompleto","Profissionais e líderes executivos de grandes empresas","infeliz"
"1670","0","female","22","1 à 2 anos","no","pouco religioso","ensino superior incompleto","Supervisores e técnicos em profissões especializadas","muito feliz"
"1671","0","female","32","9 à 11 anos","yes","nada religioso","nível superior","Funcionários administrativos em níveis intermediários","feliz"
"1675","0","female","22","6 meses à 1 ano","no","nada religioso","nível superior","Funcionários administrativos em níveis intermediários","feliz"
"1688","0","female","22","1 à 2 anos","no","nada religioso","nível superior","Funcionários administrativos em níveis intermediários","muito feliz"
"1691","0","female","42","12 ou mais anos","yes","ligeramente religioso","Mestrado","Trabalhadores de escritório e vendas","feliz"
"1695","0","female","27","6 à 8 anos","yes","muito religioso","ensino superior incompleto","Supervisores e técnicos em profissões especializadas","muito feliz"
"1698","0","male","42","12 ou mais anos","yes","pouco religioso","nível superior","Supervisores e técnicos em profissões especializadas","feliz"
"1704","0","female","57","12 ou mais anos","yes","ligeramente religioso","Mestrado","Funcionários administrativos em níveis intermediários","infeliz"
"1705","0","male","42","12 ou mais anos","yes","ligeramente religioso","Mestrado","Trabalhadores de escritório e vendas","infeliz"
"1711","0","female","32","6 à 8 anos","yes","nada religioso","ensino superior incompleto","Profissionais e líderes executivos de grandes empresas","infeliz"
"1719","0","male","22","3 à 5 anos","no","muito religioso","ensino médio","Supervisores e técnicos em profissões especializadas","muito feliz"
"1723","0","female","22","1 à 2 anos","no","anti-religião","nível superior","Trabalhadores de escritório e vendas","muito feliz"
"1726","0","female","22","6 meses à 1 ano","no","anti-religião","ensino superior incompleto","Supervisores e técnicos em profissões especializadas","muito feliz"
"1749","0","female","32","12 ou mais anos","yes","pouco religioso","ensino médio","Profissionais e líderes executivos de grandes empresas","muito feliz"
"1752","0","male","22","1 à 2 anos","no","nada religioso","Mestrado","Funcionários administrativos em níveis intermediários","imparcial"
"1754","0","male","27","3 à 5 anos","yes","muito religioso","Pós-graduação","Gerentes de médias e pequenas empresas","muito feliz"
"1758","0","female","27","3 à 5 anos","yes","pouco religioso","ensino médio","Profissionais e líderes executivos de grandes empresas","muito feliz"
"1761","0","male","42","12 ou mais anos","yes","muito religioso","Mestrado","Funcionários administrativos em níveis intermediários","feliz"
"1773","0","male","32","1 à 2 anos","no","nada religioso","Doutorado, Mestrado ou outro grau avançado","Trabalhadores em produção e serviços","imparcial"
"1775","0","male","57","12 ou mais anos","no","pouco religioso","ensino fundamental","Proprietários de pequenos negócios","muito infeliz"
"1786","0","male","37","6 à 8 anos","no","pouco religioso","Mestrado","Funcionários administrativos em níveis intermediários","muito feliz"
"1793","0","male","52","12 ou mais anos","yes","nada religioso","Pós-graduação","Funcionários administrativos em níveis intermediários","feliz"
"1799","0","male","47","12 ou mais anos","yes","pouco religioso","Pós-graduação","Trabalhadores de escritório e vendas","muito feliz"
"1803","0","female","27","6 à 8 anos","no","nada religioso","Pós-graduação","Funcionários administrativos em níveis intermediários","feliz"
"1806","0","female","27","6 à 8 anos","yes","pouco religioso","ensino superior incompleto","Funcionários administrativos em níveis intermediários","muito feliz"
"1807","0","female","22","3 à 5 anos","no","nada religioso","ensino superior incompleto","Proprietários de pequenos negócios","imparcial"
"1808","0","male","37","6 à 8 anos","yes","nada religioso","Doutorado, Mestrado ou outro grau avançado","Trabalhadores de escritório e vendas","muito feliz"
"1814","0","male","27","6 à 8 anos","no","pouco religioso","ensino médio","Supervisores e técnicos em profissões especializadas","imparcial"
"1815","0","male","42","9 à 11 anos","yes","pouco religioso","Mestrado","Trabalhadores de escritório e vendas","feliz"
"1818","0","female","22","1 à 2 anos","no","ligeramente religioso","ensino superior incompleto","Profissionais e líderes executivos de grandes empresas","muito feliz"
"1827","0","female","22","3 à 5 anos","yes","nada religioso","ensino superior incompleto","Profissionais e líderes executivos de grandes empresas","imparcial"
"1834","0","female","57","12 ou mais anos","no","pouco religioso","Doutorado, Mestrado ou outro grau avançado","Trabalhadores de escritório e vendas","muito feliz"
"1835","0","male","37","12 ou mais anos","yes","pouco religioso","ensino superior incompleto","Supervisores e técnicos em profissões especializadas","imparcial"
"1843","0","female","27","6 à 8 anos","yes","ligeramente religioso","Mestrado","Funcionários administrativos em níveis intermediários","muito feliz"
"1846","0","female","17.5","9 à 11 anos","no","pouco religioso","ensino superior incompleto","Supervisores e técnicos em profissões especializadas","muito feliz"
"1850","0","male","22","3 à 5 anos","yes","pouco religioso","nível superior","Funcionários administrativos em níveis intermediários","muito feliz"
"1851","0","female","27","3 à 5 anos","yes","nada religioso","nível superior","Profissionais e líderes executivos de grandes empresas","feliz"
"1854","0","female","37","12 ou mais anos","yes","nada religioso","ensino superior incompleto","Funcionários administrativos em níveis intermediários","muito infeliz"
"1859","0","female","22","1 à 2 anos","no","muito religioso","ensino superior incompleto","Profissionais e líderes executivos de grandes empresas","feliz"
"1861","0","male","27","6 à 8 anos","yes","nada religioso","Doutorado, Mestrado ou outro grau avançado","Funcionários administrativos em níveis intermediários","feliz"
"1866","0","male","27","3 à 5 anos","yes","pouco religioso","ensino superior incompleto","Funcionários administrativos em níveis intermediários","muito feliz"
"1873","0","male","22","3 meses ou menos","no","anti-religião","nível superior","Proprietários de pequenos negócios","muito feliz"
"1875","0","female","27","6 à 8 anos","yes","pouco religioso","ensino superior incompleto","Profissionais e líderes executivos de grandes empresas","feliz"
"1885","0","female","32","12 ou mais anos","yes","muito religioso","nível superior","Funcionários administrativos em níveis intermediários","imparcial"
"1892","0","male","32","9 à 11 anos","yes","pouco religioso","Mestrado","Funcionários administrativos em níveis intermediários","feliz"
"1895","0","female","32","12 ou mais anos","yes","nada religioso","ensino superior incompleto","Proprietários de pequenos negócios","feliz"
"1896","0","female","22","1 à 2 anos","no","ligeramente religioso","Pós-graduação","Funcionários administrativos em níveis intermediários","muito feliz"
"1897","0","male","27","3 à 5 anos","yes","pouco religioso","Pós-graduação","Supervisores e técnicos em profissões especializadas","feliz"
"1899","0","female","52","12 ou mais anos","yes","muito religioso","ensino superior incompleto","Profissionais e líderes executivos de grandes empresas","muito feliz"
"1904","0","female","27","6 à 8 anos","yes","nada religioso","ensino médio","Profissionais e líderes executivos de grandes empresas","infeliz"
"1905","0","female","27","6 à 8 anos","yes","ligeramente religioso","ensino médio","Profissionais e líderes executivos de grandes empresas","feliz"
"1908","0","female","42","12 ou mais anos","yes","nada religioso","ensino superior incompleto","Profissionais e líderes executivos de grandes empresas","feliz"
"1916","0","female","42","12 ou mais anos","yes","pouco religioso","ensino superior incompleto","Funcionários administrativos em níveis intermediários","feliz"
"1918","0","male","27","6 à 8 anos","yes","pouco religioso","ensino superior incompleto","Proprietários de pequenos negócios","imparcial"
"1920","0","male","27","6 à 8 anos","yes","nada religioso","Doutorado, Mestrado ou outro grau avançado","Trabalhadores de escritório e vendas","infeliz"
"1930","0","female","42","12 ou mais anos","yes","ligeramente religioso","ensino médio","Proprietários de pequenos negócios","imparcial"
"1940","0","male","27","3 à 5 anos","yes","ligeramente religioso","nível superior","Proprietários de pequenos negócios","muito feliz"
"1947","0","female","27","6 à 8 anos","yes","ligeramente religioso","ensino superior incompleto","Profissionais e líderes executivos de grandes empresas","feliz"
"1949","0","female","22","1 à 2 anos","no","nada religioso","ensino superior incompleto","Supervisores e técnicos em profissões especializadas","muito feliz"
"1951","0","female","27","3 à 5 anos","yes","pouco religioso","ensino superior incompleto","Profissionais e líderes executivos de grandes empresas","feliz"
"1952","0","female","22","3 à 5 anos","no","pouco religioso","ensino superior incompleto","Funcionários administrativos em níveis intermediários","muito feliz"
"1960","0","female","22","1 à 2 anos","no","nada religioso","nível superior","Supervisores e técnicos em profissões especializadas","muito feliz"
"9001","0","male","47","12 ou mais anos","no","pouco religioso","ensino superior incompleto","Funcionários administrativos em níveis intermediários","feliz"
"9012","0","male","37","9 à 11 anos","yes","nada religioso","Mestrado","Trabalhadores de escritório e vendas","infeliz"
"9023","0","male","37","12 ou mais anos","yes","ligeramente religioso","Pós-graduação","Funcionários administrativos em níveis intermediários","feliz"
"9029","0","female","27","3 à 5 anos","yes","nada religioso","nível superior","Profissionais e líderes executivos de grandes empresas","feliz"
"6","3","male","27","1 à 2 anos","no","ligeramente religioso","Mestrado","Supervisores e técnicos em profissões especializadas","feliz"
"12","3","female","27","3 à 5 anos","yes","ligeramente religioso","Pós-graduação","Profissionais e líderes executivos de grandes empresas","muito feliz"
"43","7","male","37","12 ou mais anos","yes","muito religioso","Mestrado","Trabalhadores de escritório e vendas","infeliz"
"53","12","female","32","9 à 11 anos","yes","ligeramente religioso","Pós-graduação","Funcionários administrativos em níveis intermediários","infeliz"
"67","1","male","22","3 meses ou menos","no","pouco religioso","nível superior","Funcionários administrativos em níveis intermediários","muito feliz"
"79","1","female","22","1 à 2 anos","yes","nada religioso","ensino superior incompleto","Profissionais e líderes executivos de grandes empresas","muito feliz"
"122","12","male","37","12 ou mais anos","yes","pouco religioso","ensino superior incompleto","Funcionários administrativos em níveis intermediários","infeliz"
"126","7","female","22","1 à 2 anos","no","nada religioso","ensino superior incompleto","Proprietários de pequenos negócios","feliz"
"133","2","male","37","12 ou mais anos","yes","nada religioso","Mestrado","Trabalhadores de escritório e vendas","feliz"
"138","3","female","32","12 ou mais anos","yes","pouco religioso","ensino médio","Proprietários de pequenos negócios","infeliz"
"154","1","female","37","12 ou mais anos","yes","pouco religioso","ensino superior incompleto","Supervisores e técnicos em profissões especializadas","infeliz"
"159","7","female","42","12 ou mais anos","yes","ligeramente religioso","Pós-graduação","Profissionais e líderes executivos de grandes empresas","feliz"
"174","12","female","42","12 ou mais anos","yes","muito religioso","ensino fundamental","Supervisores e técnicos em profissões especializadas","muito infeliz"
"176","12","male","37","9 à 11 anos","yes","nada religioso","Doutorado, Mestrado ou outro grau avançado","Trabalhadores de escritório e vendas","infeliz"
"181","12","female","32","12 ou mais anos","yes","ligeramente religioso","ensino superior incompleto","Profissionais e líderes executivos de grandes empresas","infeliz"
"182","3","male","27","3 à 5 anos","no","anti-religião","Mestrado","Trabalhadores de escritório e vendas","muito feliz"
"186","7","male","37","9 à 11 anos","yes","nada religioso","Mestrado","Trabalhadores em produção e serviços","imparcial"
"189","7","female","27","3 à 5 anos","no","ligeramente religioso","Pós-graduação","Funcionários administrativos em níveis intermediários","muito feliz"
"204","1","male","42","12 ou mais anos","yes","pouco religioso","nível superior","Funcionários administrativos em níveis intermediários","muito feliz"
"215","1","female","47","12 ou mais anos","yes","muito religioso","ensino superior incompleto","Supervisores e técnicos em profissões especializadas","muito feliz"
"232","7","female","27","3 à 5 anos","yes","ligeramente religioso","Mestrado","Funcionários administrativos em níveis intermediários","feliz"
"233","1","female","27","6 à 8 anos","yes","muito religioso","ensino superior incompleto","Profissionais e líderes executivos de grandes empresas","feliz"
"252","12","male","27","1 à 2 anos","yes","ligeramente religioso","Pós-graduação","Funcionários administrativos em níveis intermediários","feliz"
"253","12","female","27","6 à 8 anos","yes","pouco religioso","ensino superior incompleto","Trabalhadores de escritório e vendas","infeliz"
"274","3","female","42","12 ou mais anos","yes","pouco religioso","nível superior","Funcionários administrativos em níveis intermediários","feliz"
"275","7","female","27","9 à 11 anos","yes","pouco religioso","ensino médio","Trabalhadores em produção e serviços","imparcial"
"287","1","male","27","1 à 2 anos","no","nada religioso","Mestrado","Funcionários administrativos em níveis intermediários","infeliz"
"288","1","male","32","3 à 5 anos","no","pouco religioso","Doutorado, Mestrado ou outro grau avançado","Trabalhadores de escritório e vendas","feliz"
"325","1","female","27","6 à 8 anos","yes","ligeramente religioso","ensino superior incompleto","Profissionais e líderes executivos de grandes empresas","imparcial"
"328","3","female","32","9 à 11 anos","yes","pouco religioso","ensino superior incompleto","Profissionais e líderes executivos de grandes empresas","feliz"
"344","3","male","27","3 à 5 anos","yes","nada religioso","Mestrado","Trabalhadores em produção e serviços","infeliz"
"353","1","female","17.5","6 meses à 1 ano","no","muito religioso","ensino superior incompleto","Supervisores e técnicos em profissões especializadas","muito feliz"
"354","1","female","32","9 à 11 anos","yes","pouco religioso","Mestrado","Profissionais e líderes executivos de grandes empresas","muito feliz"
"367","7","female","32","6 à 8 anos","yes","nada religioso","Pós-graduação","Trabalhadores de escritório e vendas","feliz"
"369","7","male","37","12 ou mais anos","yes","nada religioso","Doutorado, Mestrado ou outro grau avançado","Trabalhadores de escritório e vendas","feliz"
"390","7","female","37","9 à 11 anos","no","anti-religião","Doutorado, Mestrado ou outro grau avançado","Funcionários administrativos em níveis intermediários","imparcial"
"392","12","female","32","9 à 11 anos","yes","nada religioso","nível superior","Funcionários administrativos em níveis intermediários","muito feliz"
"423","7","male","52","12 ou mais anos","yes","nada religioso","Doutorado, Mestrado ou outro grau avançado","Trabalhadores de escritório e vendas","feliz"
"432","7","female","42","12 ou mais anos","yes","anti-religião","ensino médio","Profissionais e líderes executivos de grandes empresas","imparcial"
"436","1","male","52","12 ou mais anos","yes","nada religioso","Doutorado, Mestrado ou outro grau avançado","Trabalhadores de escritório e vendas","imparcial"
"483","2","male","37","12 ou mais anos","yes","ligeramente religioso","Mestrado","Trabalhadores de escritório e vendas","muito feliz"
"513","12","female","22","3 à 5 anos","no","ligeramente religioso","ensino médio","Proprietários de pequenos negócios","feliz"
"516","12","male","27","6 à 8 anos","yes","anti-religião","Mestrado","Trabalhadores de escritório e vendas","infeliz"
"518","1","male","27","3 à 5 anos","yes","ligeramente religioso","Mestrado","Funcionários administrativos em níveis intermediários","muito feliz"
"520","12","male","47","12 ou mais anos","yes","pouco religioso","Pós-graduação","Trabalhadores de escritório e vendas","muito feliz"
"526","12","female","42","12 ou mais anos","yes","pouco religioso","ensino médio","Profissionais e líderes executivos de grandes empresas","muito infeliz"
"528","7","male","27","3 à 5 anos","no","ligeramente religioso","ensino superior incompleto","Proprietários de pequenos negócios","feliz"
"553","7","female","32","6 à 8 anos","yes","pouco religioso","Mestrado","Supervisores e técnicos em profissões especializadas","muito feliz"
"576","1","male","32","4 à 6 meses","yes","ligeramente religioso","ensino médio","Proprietários de pequenos negócios","feliz"
"611","3","male","47","12 ou mais anos","yes","muito religioso","nível superior","Funcionários administrativos em níveis intermediários","feliz"
"625","12","male","37","12 ou mais anos","yes","nada religioso","Doutorado, Mestrado ou outro grau avançado","Funcionários administrativos em níveis intermediários","feliz"
"635","7","male","22","3 à 5 anos","yes","nada religioso","Pós-graduação","Trabalhadores de escritório e vendas","feliz"
"646","1","male","27","3 à 5 anos","no","nada religioso","ensino superior incompleto","Supervisores e técnicos em profissões especializadas","muito feliz"
"657","7","female","52","12 ou mais anos","yes","muito religioso","nível superior","Profissionais e líderes executivos de grandes empresas","imparcial"
"659","1","male","27","3 à 5 anos","no","ligeramente religioso","ensino superior incompleto","Proprietários de pequenos negócios","imparcial"
"666","1","female","27","9 à 11 anos","yes","pouco religioso","nível superior","Profissionais e líderes executivos de grandes empresas","feliz"
"679","1","male","32","6 à 8 anos","yes","ligeramente religioso","ensino superior incompleto","Trabalhadores em produção e serviços","feliz"
"729","7","male","32","6 à 8 anos","yes","nada religioso","Mestrado","Supervisores e técnicos em profissões especializadas","muito infeliz"
"755","3","male","22","1 à 2 anos","no","anti-religião","ensino superior incompleto","Proprietários de pequenos negócios","infeliz"
"758","7","male","22","3 à 5 anos","yes","ligeramente religioso","Mestrado","Trabalhadores de escritório e vendas","feliz"
"770","7","male","42","12 ou mais anos","yes","pouco religioso","Doutorado, Mestrado ou outro grau avançado","Trabalhadores de escritório e vendas","feliz"
"786","2","female","57","12 ou mais anos","yes","anti-religião","Mestrado","Funcionários administrativos em níveis intermediários","feliz"
"797","7","female","32","3 à 5 anos","yes","ligeramente religioso","Mestrado","Funcionários administrativos em níveis intermediários","infeliz"
"811","1","male","27","3 à 5 anos","yes","anti-religião","nível superior","Supervisores e técnicos em profissões especializadas","feliz"
"834","7","male","32","6 à 8 anos","yes","pouco religioso","nível superior","Profissionais e líderes executivos de grandes empresas","feliz"
"858","2","male","57","12 ou mais anos","yes","anti-religião","Pós-graduação","Supervisores e técnicos em profissões especializadas","feliz"
"885","7","female","42","12 ou mais anos","yes","pouco religioso","ensino superior incompleto","Funcionários administrativos em níveis intermediários","infeliz"
"893","7","male","37","9 à 11 anos","yes","anti-religião","Mestrado","Funcionários administrativos em níveis intermediários","imparcial"
"927","3","male","42","12 ou mais anos","yes","ligeramente religioso","Pós-graduação","Trabalhadores de escritório e vendas","muito infeliz"
"928","1","female","52","12 ou mais anos","yes","ligeramente religioso","ensino superior incompleto","Supervisores e técnicos em profissões especializadas","feliz"
"933","2","female","27","6 à 8 anos","yes","ligeramente religioso","Pós-graduação","Funcionários administrativos em níveis intermediários","imparcial"
"951","12","male","32","6 à 8 anos","yes","nada religioso","ensino médio","Supervisores e técnicos em profissões especializadas","infeliz"
"968","1","male","22","3 à 5 anos","no","pouco religioso","ensino superior incompleto","Gerentes de médias e pequenas empresas","muito feliz"
"972","3","male","27","6 à 8 anos","yes","ligeramente religioso","Mestrado","Trabalhadores de escritório e vendas","feliz"
"975","12","female","37","12 ou mais anos","yes","anti-religião","Mestrado","Funcionários administrativos em níveis intermediários","muito feliz"
"977","7","female","32","12 ou mais anos","yes","ligeramente religioso","Pós-graduação","Profissionais e líderes executivos de grandes empresas","imparcial"
"981","7","female","27","6 à 8 anos","no","nada religioso","Pós-graduação","Funcionários administrativos em níveis intermediários","muito feliz"
"986","1","female","32","6 à 8 anos","yes","ligeramente religioso","Pós-graduação","Funcionários administrativos em níveis intermediários","imparcial"
"1002","1","male","32","1 à 2 anos","yes","nada religioso","ensino superior incompleto","Gerentes de médias e pequenas empresas","feliz"
"1007","12","female","42","12 ou mais anos","yes","pouco religioso","ensino superior incompleto","Profissionais e líderes executivos de grandes empresas","infeliz"
"1011","7","male","32","9 à 11 anos","yes","ligeramente religioso","ensino superior incompleto","Funcionários administrativos em níveis intermediários","feliz"
"1035","7","male","37","3 à 5 anos","yes","anti-religião","Doutorado, Mestrado ou outro grau avançado","Trabalhadores de escritório e vendas","imparcial"
"1050","1","female","27","3 à 5 anos","yes","nada religioso","nível superior","Funcionários administrativos em níveis intermediários","imparcial"
"1056","12","female","42","12 ou mais anos","yes","ligeramente religioso","ensino superior incompleto","Supervisores e técnicos em profissões especializadas","imparcial"
"1057","1","male","27","9 à 11 anos","yes","muito religioso","Doutorado, Mestrado ou outro grau avançado","Trabalhadores de escritório e vendas","muito feliz"
"1075","12","male","37","9 à 11 anos","yes","nada religioso","Doutorado, Mestrado ou outro grau avançado","Trabalhadores de escritório e vendas","infeliz"
"1080","12","female","27","6 à 8 anos","yes","anti-religião","ensino superior incompleto","Proprietários de pequenos negócios","imparcial"
"1125","3","female","27","6 à 8 anos","yes","pouco religioso","ensino médio","Profissionais e líderes executivos de grandes empresas","infeliz"
"1131","3","male","32","9 à 11 anos","yes","nada religioso","ensino superior incompleto","Supervisores e técnicos em profissões especializadas","feliz"
"1138","12","female","17.5","6 meses à 1 ano","yes","nada religioso","ensino médio","Profissionais e líderes executivos de grandes empresas","imparcial"
"1150","12","female","32","12 ou mais anos","yes","ligeramente religioso","Mestrado","Funcionários administrativos em níveis intermediários","feliz"
"1163","2","female","22","6 à 8 anos","no","pouco religioso","ensino superior incompleto","Supervisores e técnicos em profissões especializadas","imparcial"
"1169","1","male","32","6 à 8 anos","yes","pouco religioso","Doutorado, Mestrado ou outro grau avançado","Trabalhadores de escritório e vendas","muito feliz"
"1198","7","male","27","3 à 5 anos","yes","nada religioso","Mestrado","Trabalhadores de escritório e vendas","infeliz"
"1204","1","female","22","1 à 2 anos","yes","muito religioso","ensino superior incompleto","Funcionários administrativos em níveis intermediários","imparcial"
"1218","12","female","32","12 ou mais anos","no","ligeramente religioso","Pós-graduação","Funcionários administrativos em níveis intermediários","muito infeliz"
"1230","12","female","42","12 ou mais anos","yes","nada religioso","ensino médio","Profissionais e líderes executivos de grandes empresas","infeliz"
"1236","7","male","42","12 ou mais anos","yes","ligeramente religioso","Doutorado, Mestrado ou outro grau avançado","Funcionários administrativos em níveis intermediários","feliz"
"1247","12","male","32","9 à 11 anos","no","nada religioso","Mestrado","Supervisores e técnicos em profissões especializadas","infeliz"
"1259","12","female","32","12 ou mais anos","yes","ligeramente religioso","ensino fundamental","Profissionais e líderes executivos de grandes empresas","muito infeliz"
"1294","7","male","57","12 ou mais anos","yes","muito religioso","Doutorado, Mestrado ou outro grau avançado","Supervisores e técnicos em profissões especializadas","muito feliz"
"1353","12","male","47","12 ou mais anos","yes","pouco religioso","Doutorado, Mestrado ou outro grau avançado","Trabalhadores de escritório e vendas","feliz"
"1370","2","female","42","12 ou mais anos","yes","nada religioso","Pós-graduação","Trabalhadores de escritório e vendas","imparcial"
"1427","12","male","37","12 ou mais anos","yes","ligeramente religioso","Pós-graduação","Trabalhadores de escritório e vendas","imparcial"
"1445","12","male","37","12 ou mais anos","yes","muito religioso","Pós-graduação","Funcionários administrativos em níveis intermediários","infeliz"
"1460","7","male","27","9 à 11 anos","yes","nada religioso","Doutorado, Mestrado ou outro grau avançado","Trabalhadores de escritório e vendas","feliz"
"1480","2","male","37","12 ou mais anos","yes","nada religioso","nível superior","Funcionários administrativos em níveis intermediários","feliz"
"1505","12","female","32","12 ou mais anos","yes","anti-religião","ensino superior incompleto","Funcionários administrativos em níveis intermediários","infeliz"
"1543","7","male","32","9 à 11 anos","yes","ligeramente religioso","Pós-graduação","Trabalhadores de escritório e vendas","imparcial"
"1548","2","male","37","12 ou mais anos","yes","pouco religioso","Mestrado","Funcionários administrativos em níveis intermediários","muito infeliz"
"1550","7","female","27","1 à 2 anos","no","nada religioso","Pós-graduação","Funcionários administrativos em níveis intermediários","muito feliz"
"1561","3","female","47","12 ou mais anos","yes","nada religioso","Pós-graduação","Funcionários administrativos em níveis intermediários","infeliz"
"1564","12","male","37","12 ou mais anos","yes","nada religioso","Pós-graduação","Funcionários administrativos em níveis intermediários","feliz"
"1573","12","female","27","3 à 5 anos","no","nada religioso","ensino superior incompleto","Funcionários administrativos em níveis intermediários","muito feliz"
"1575","2","female","27","9 à 11 anos","yes","pouco religioso","ensino superior incompleto","Profissionais e líderes executivos de grandes empresas","muito feliz"
"1599","1","female","22","3 à 5 anos","yes","ligeramente religioso","nível superior","Profissionais e líderes executivos de grandes empresas","imparcial"
"1622","12","male","52","6 à 8 anos","no","pouco religioso","nível superior","Funcionários administrativos em níveis intermediários","muito feliz"
"1629","2","female","27","3 à 5 anos","yes","anti-religião","nível superior","Proprietários de pequenos negócios","muito feliz"
"1664","7","female","37","12 ou mais anos","yes","nada religioso","Pós-graduação","Trabalhadores de escritório e vendas","feliz"
"1669","2","female","27","3 à 5 anos","no","anti-religião","Pós-graduação","Proprietários de pequenos negócios","muito infeliz"
"1674","12","female","17.5","6 meses à 1 ano","yes","nada religioso","ensino médio","Proprietários de pequenos negócios","muito feliz"
"1682","7","female","32","12 ou mais anos","yes","muito religioso","Mestrado","Funcionários administrativos em níveis intermediários","feliz"
"1685","7","female","22","3 à 5 anos","no","anti-religião","nível superior","Proprietários de pequenos negócios","muito feliz"
"1697","2","male","32","3 à 5 anos","yes","pouco religioso","Mestrado","Trabalhadores de escritório e vendas","feliz"
"1716","1","female","22","1 à 2 anos","yes","ligeramente religioso","Mestrado","Funcionários administrativos em níveis intermediários","infeliz"
"1730","3","female","42","12 ou mais anos","yes","nada religioso","Pós-graduação","Funcionários administrativos em níveis intermediários","feliz"
"1731","1","male","32","6 à 8 anos","yes","pouco religioso","nível superior","Supervisores e técnicos em profissões especializadas","feliz"
"1732","12","male","37","12 ou mais anos","no","ligeramente religioso","ensino superior incompleto","Trabalhadores de escritório e vendas","infeliz"
"1743","1","male","42","12 ou mais anos","yes","ligeramente religioso","nível superior","Trabalhadores de escritório e vendas","imparcial"
"1751","1","male","27","3 à 5 anos","yes","anti-religião","Mestrado","Funcionários administrativos em níveis intermediários","feliz"
"1757","2","male","37","12 ou mais anos","yes","pouco religioso","Doutorado, Mestrado ou outro grau avançado","Trabalhadores em produção e serviços","imparcial"
"1763","7","male","37","12 ou mais anos","yes","ligeramente religioso","Doutorado, Mestrado ou outro grau avançado","Trabalhadores de escritório e vendas","feliz"
"1766","3","male","22","1 à 2 anos","no","nada religioso","ensino médio","Proprietários de pequenos negócios","imparcial"
"1772","3","male","32","3 à 5 anos","yes","ligeramente religioso","Doutorado, Mestrado ou outro grau avançado","Trabalhadores de escritório e vendas","infeliz"
"1776","2","male","32","12 ou mais anos","yes","muito religioso","Doutorado, Mestrado ou outro grau avançado","Trabalhadores de escritório e vendas","muito feliz"
"1782","12","female","52","12 ou mais anos","yes","anti-religião","Mestrado","Funcionários administrativos em níveis intermediários","muito feliz"
"1784","12","male","47","12 ou mais anos","no","anti-religião","Mestrado","Trabalhadores de escritório e vendas","muito feliz"
"1791","3","female","32","12 ou mais anos","yes","pouco religioso","nível superior","Supervisores e técnicos em profissões especializadas","feliz"
"1831","7","female","32","12 ou mais anos","yes","ligeramente religioso","ensino superior incompleto","Proprietários de pequenos negócios","infeliz"
"1840","7","female","27","6 à 8 anos","yes","pouco religioso","nível superior","Profissionais e líderes executivos de grandes empresas","infeliz"
"1844","12","male","42","12 ou mais anos","yes","ligeramente religioso","Mestrado","Trabalhadores de escritório e vendas","infeliz"
"1856","7","female","42","12 ou mais anos","yes","nada religioso","ensino superior incompleto","Proprietários de pequenos negócios","infeliz"
"1876","12","male","27","6 à 8 anos","yes","nada religioso","Pós-graduação","Funcionários administrativos em níveis intermediários","feliz"
"1929","3","male","32","9 à 11 anos","yes","pouco religioso","ensino superior incompleto","Supervisores e técnicos em profissões especializadas","imparcial"
"1935","7","male","47","12 ou mais anos","yes","ligeramente religioso","nível superior","Supervisores e técnicos em profissões especializadas","infeliz"
"1938","1","male","22","1 à 2 anos","yes","anti-religião","ensino médio","Gerentes de médias e pequenas empresas","muito feliz"
"1941","7","female","32","9 à 11 anos","yes","nada religioso","Mestrado","Funcionários administrativos em níveis intermediários","feliz"
"1954","2","male","32","9 à 11 anos","yes","nada religioso","Pós-graduação","Trabalhadores de escritório e vendas","muito feliz"
"1959","2","male","22","6 à 8 anos","yes","ligeramente religioso","Mestrado","Trabalhadores de escritório e vendas","infeliz"
"9010","1","female","32","12 ou mais anos","yes","ligeramente religioso","ensino superior incompleto","Profissionais e líderes executivos de grandes empresas","muito feliz"
