,id_venda,id_produto,quantidade,id_cliente_venda,id_funcionario_venda,data,nome,preco,id_categoria_produto,id_fornecedor_produto,id_cliente,nome_cliente,telefone,cidade,email,genero,endereco,renda,data_nascimento,id_funcionario,nome_funcionario,data_nascimento_funcionario,genero_funcionario,estado_civil,dependentes,cargo,salario,id_fornecedor,nome_fornecedor,cidade_fornecedor,endereco_fornecedor,cnpj,id_categoria,nome_categoria,custo_total
0,1,1,2,1,1,2024-07-01,Smartphone X,1500.0,1,1,1,João Silva,(11) 98765-4321,São Paulo,joao@email.com,Masculino,"Rua A, 123",5000.0,1980-05-10,1,Fernando Silva,1982-07-15,Masculino,Casado,2,Vendedor,3500.0,1,Fornecedor A,São Paulo,"Rua G, 234",1234,1,Eletrônicos,3000.0
1,44,7,3,4,2,2024-08-13,"Monitor LED 24""",800.0,1,1,4,Ana Souza,(51) 98765-7654,Porto Alegre,ana@email.com,Feminino,"Av. D, 987",3800.0,1990-12-08,2,Aline Costa,1980-12-20,Feminino,Solteira,0,Gerente,6000.0,1,Fornecedor A,São Paulo,"Rua G, 234",1234,1,Eletrônicos,2400.0
2,84,7,3,4,2,2024-09-22,"Monitor LED 24""",800.0,1,1,4,Ana Souza,(51) 98765-7654,Porto Alegre,ana@email.com,Feminino,"Av. D, 987",3800.0,1990-12-08,2,Aline Costa,1980-12-20,Feminino,Solteira,0,Gerente,6000.0,1,Fornecedor A,São Paulo,"Rua G, 234",1234,1,Eletrônicos,2400.0
3,14,7,1,14,2,2024-07-14,"Monitor LED 24""",800.0,1,1,14,Patrícia Costa,(51) 98765-1098,Porto Alegre,patricia@email.com,Feminino,"Rua N, 765",4200.0,1981-12-31,2,Aline Costa,1980-12-20,Feminino,Solteira,0,Gerente,6000.0,1,Fornecedor A,São Paulo,"Rua G, 234",1234,1,Eletrônicos,800.0
4,24,7,3,24,2,2024-07-24,"Monitor LED 24""",800.0,1,1,24,Tatiana Costa,(51) 98765-1098,Porto Alegre,tatiana@email.com,Feminino,"Rua X, 876",4200.0,1982-01-27,2,Aline Costa,1980-12-20,Feminino,Solteira,0,Gerente,6000.0,1,Fornecedor A,São Paulo,"Rua G, 234",1234,1,Eletrônicos,2400.0
5,64,7,3,24,2,2024-09-02,"Monitor LED 24""",800.0,1,1,24,Tatiana Costa,(51) 98765-1098,Porto Alegre,tatiana@email.com,Feminino,"Rua X, 876",4200.0,1982-01-27,2,Aline Costa,1980-12-20,Feminino,Solteira,0,Gerente,6000.0,1,Fornecedor A,São Paulo,"Rua G, 234",1234,1,Eletrônicos,2400.0
6,104,7,3,24,2,2024-10-12,"Monitor LED 24""",800.0,1,1,24,Tatiana Costa,(51) 98765-1098,Porto Alegre,tatiana@email.com,Feminino,"Rua X, 876",4200.0,1982-01-27,2,Aline Costa,1980-12-20,Feminino,Solteira,0,Gerente,6000.0,1,Fornecedor A,São Paulo,"Rua G, 234",1234,1,Eletrônicos,2400.0
7,56,12,1,16,4,2024-08-25,Fone de Ouvido Bluetooth,100.0,1,1,16,Juliana Ferreira,(11) 98765-9876,São Paulo,juliana@email.com,Feminino,"Rua P, 876",4800.0,1987-09-17,4,Patrícia Souza,1988-06-05,Feminino,Solteira,0,Vendedora,3200.0,1,Fornecedor A,São Paulo,"Rua G, 234",1234,1,Eletrônicos,100.0
8,96,12,1,16,4,2024-10-04,Fone de Ouvido Bluetooth,100.0,1,1,16,Juliana Ferreira,(11) 98765-9876,São Paulo,juliana@email.com,Feminino,"Rua P, 876",4800.0,1987-09-17,4,Patrícia Souza,1988-06-05,Feminino,Solteira,0,Vendedora,3200.0,1,Fornecedor A,São Paulo,"Rua G, 234",1234,1,Eletrônicos,100.0
9,36,12,1,36,4,2024-08-05,Fone de Ouvido Bluetooth,100.0,1,1,36,Vanessa Ferreira,(11) 98765-9876,São Paulo,vanessa@email.com,Feminino,"Rua J1, 234",4800.0,1989-11-26,4,Patrícia Souza,1988-06-05,Feminino,Solteira,0,Vendedora,3200.0,1,Fornecedor A,São Paulo,"Rua G, 234",1234,1,Eletrônicos,100.0
10,76,12,1,36,4,2024-09-14,Fone de Ouvido Bluetooth,100.0,1,1,36,Vanessa Ferreira,(11) 98765-9876,São Paulo,vanessa@email.com,Feminino,"Rua J1, 234",4800.0,1989-11-26,4,Patrícia Souza,1988-06-05,Feminino,Solteira,0,Vendedora,3200.0,1,Fornecedor A,São Paulo,"Rua G, 234",1234,1,Eletrônicos,100.0
11,116,12,1,36,4,2024-10-24,Fone de Ouvido Bluetooth,100.0,1,1,36,Vanessa Ferreira,(11) 98765-9876,São Paulo,vanessa@email.com,Feminino,"Rua J1, 234",4800.0,1989-11-26,4,Patrícia Souza,1988-06-05,Feminino,Solteira,0,Vendedora,3200.0,1,Fornecedor A,São Paulo,"Rua G, 234",1234,1,Eletrônicos,100.0
12,9,12,3,9,7,2024-07-09,Fone de Ouvido Bluetooth,100.0,1,1,9,Gustavo Martins,(51) 98765-6543,Porto Alegre,gustavo@email.com,Masculino,"Av. I, 234",7000.0,1980-10-15,7,Rodrigo Santos,1977-11-30,Masculino,Divorciado,2,Caixa,2800.0,1,Fornecedor A,São Paulo,"Rua G, 234",1234,1,Eletrônicos,300.0
13,49,17,3,9,7,2024-08-18,Mouse Sem Fio,50.0,1,1,9,Gustavo Martins,(51) 98765-6543,Porto Alegre,gustavo@email.com,Masculino,"Av. I, 234",7000.0,1980-10-15,7,Rodrigo Santos,1977-11-30,Masculino,Divorciado,2,Caixa,2800.0,1,Fornecedor A,São Paulo,"Rua G, 234",1234,1,Eletrônicos,150.0
14,89,17,3,9,7,2024-09-27,Mouse Sem Fio,50.0,1,1,9,Gustavo Martins,(51) 98765-6543,Porto Alegre,gustavo@email.com,Masculino,"Av. I, 234",7000.0,1980-10-15,7,Rodrigo Santos,1977-11-30,Masculino,Divorciado,2,Caixa,2800.0,1,Fornecedor A,São Paulo,"Rua G, 234",1234,1,Eletrônicos,150.0
15,19,17,1,19,7,2024-07-19,Mouse Sem Fio,50.0,1,1,19,Fernando Oliveira,(51) 98765-6543,Porto Alegre,fernando@email.com,Masculino,"Av. S, 987",7000.0,1983-11-11,7,Rodrigo Santos,1977-11-30,Masculino,Divorciado,2,Caixa,2800.0,1,Fornecedor A,São Paulo,"Rua G, 234",1234,1,Eletrônicos,50.0
16,29,17,3,29,7,2024-07-29,Mouse Sem Fio,50.0,1,1,29,Leandro Oliveira,(51) 98765-6543,Porto Alegre,leandro@email.com,Masculino,"Av. C1, 321",7000.0,1984-12-17,7,Rodrigo Santos,1977-11-30,Masculino,Divorciado,2,Caixa,2800.0,1,Fornecedor A,São Paulo,"Rua G, 234",1234,1,Eletrônicos,150.0
17,69,17,3,29,7,2024-09-07,Mouse Sem Fio,50.0,1,1,29,Leandro Oliveira,(51) 98765-6543,Porto Alegre,leandro@email.com,Masculino,"Av. C1, 321",7000.0,1984-12-17,7,Rodrigo Santos,1977-11-30,Masculino,Divorciado,2,Caixa,2800.0,1,Fornecedor A,São Paulo,"Rua G, 234",1234,1,Eletrônicos,150.0
18,109,17,3,29,7,2024-10-17,Mouse Sem Fio,50.0,1,1,29,Leandro Oliveira,(51) 98765-6543,Porto Alegre,leandro@email.com,Masculino,"Av. C1, 321",7000.0,1984-12-17,7,Rodrigo Santos,1977-11-30,Masculino,Divorciado,2,Caixa,2800.0,1,Fornecedor A,São Paulo,"Rua G, 234",1234,1,Eletrônicos,150.0
19,41,1,1,1,9,2024-08-10,Smartphone X,1500.0,1,1,1,João Silva,(11) 98765-4321,São Paulo,joao@email.com,Masculino,"Rua A, 123",5000.0,1980-05-10,9,Lucas Costa,1989-08-10,Masculino,Solteiro,0,Vendedor,3400.0,1,Fornecedor A,São Paulo,"Rua G, 234",1234,1,Eletrônicos,1500.0
20,81,1,1,1,9,2024-09-19,Smartphone X,1500.0,1,1,1,João Silva,(11) 98765-4321,São Paulo,joao@email.com,Masculino,"Rua A, 123",5000.0,1980-05-10,9,Lucas Costa,1989-08-10,Masculino,Solteiro,0,Vendedor,3400.0,1,Fornecedor A,São Paulo,"Rua G, 234",1234,1,Eletrônicos,1500.0
21,121,1,1,1,9,2024-10-29,Smartphone X,1500.0,1,1,1,João Silva,(11) 98765-4321,São Paulo,joao@email.com,Masculino,"Rua A, 123",5000.0,1980-05-10,9,Lucas Costa,1989-08-10,Masculino,Solteiro,0,Vendedor,3400.0,1,Fornecedor A,São Paulo,"Rua G, 234",1234,1,Eletrônicos,1500.0
22,21,1,1,21,9,2024-07-21,Smartphone X,1500.0,1,1,21,Ricardo Lima,(11) 98765-4321,São Paulo,ricardo@email.com,Masculino,"Av. U, 1098",5800.0,1988-12-05,9,Lucas Costa,1989-08-10,Masculino,Solteiro,0,Vendedor,3400.0,1,Fornecedor A,São Paulo,"Rua G, 234",1234,1,Eletrônicos,1500.0
23,61,1,1,21,9,2024-08-30,Smartphone X,1500.0,1,1,21,Ricardo Lima,(11) 98765-4321,São Paulo,ricardo@email.com,Masculino,"Av. U, 1098",5800.0,1988-12-05,9,Lucas Costa,1989-08-10,Masculino,Solteiro,0,Vendedor,3400.0,1,Fornecedor A,São Paulo,"Rua G, 234",1234,1,Eletrônicos,1500.0
24,101,1,1,21,9,2024-10-09,Smartphone X,1500.0,1,1,21,Ricardo Lima,(11) 98765-4321,São Paulo,ricardo@email.com,Masculino,"Av. U, 1098",5800.0,1988-12-05,9,Lucas Costa,1989-08-10,Masculino,Solteiro,0,Vendedor,3400.0,1,Fornecedor A,São Paulo,"Rua G, 234",1234,1,Eletrônicos,1500.0
25,4,2,1,4,3,2024-07-04,Notebook Y,3000.0,1,2,4,Ana Souza,(51) 98765-7654,Porto Alegre,ana@email.com,Feminino,"Av. D, 987",3800.0,1990-12-08,3,Marcos Oliveira,1975-03-10,Masculino,Divorciado,1,Caixa,2800.0,2,Fornecedor B,Rio de Janeiro,"Av. H, 567",9876,1,Eletrônicos,3000.0
26,51,2,1,11,9,2024-08-20,Notebook Y,3000.0,1,2,11,Felipe Santos,(11) 98765-4321,São Paulo,felipe@email.com,Masculino,"Av. K, 567",5800.0,1986-11-28,9,Lucas Costa,1989-08-10,Masculino,Solteiro,0,Vendedor,3400.0,2,Fornecedor B,Rio de Janeiro,"Av. H, 567",9876,1,Eletrônicos,3000.0
27,91,2,1,11,9,2024-09-29,Notebook Y,3000.0,1,2,11,Felipe Santos,(11) 98765-4321,São Paulo,felipe@email.com,Masculino,"Av. K, 567",5800.0,1986-11-28,9,Lucas Costa,1989-08-10,Masculino,Solteiro,0,Vendedor,3400.0,2,Fornecedor B,Rio de Janeiro,"Av. H, 567",9876,1,Eletrônicos,3000.0
28,31,2,1,31,9,2024-07-31,Notebook Y,3000.0,1,2,31,Marcelo Lima,(11) 98765-4321,São Paulo,marcelo@email.com,Masculino,"Av. E1, 1098",5800.0,1989-01-22,9,Lucas Costa,1989-08-10,Masculino,Solteiro,0,Vendedor,3400.0,2,Fornecedor B,Rio de Janeiro,"Av. H, 567",9876,1,Eletrônicos,3000.0
29,71,2,1,31,9,2024-09-09,Notebook Y,3000.0,1,2,31,Marcelo Lima,(11) 98765-4321,São Paulo,marcelo@email.com,Masculino,"Av. E1, 1098",5800.0,1989-01-22,9,Lucas Costa,1989-08-10,Masculino,Solteiro,0,Vendedor,3400.0,2,Fornecedor B,Rio de Janeiro,"Av. H, 567",9876,1,Eletrônicos,3000.0
30,111,2,1,31,9,2024-10-19,Notebook Y,3000.0,1,2,31,Marcelo Lima,(11) 98765-4321,São Paulo,marcelo@email.com,Masculino,"Av. E1, 1098",5800.0,1989-01-22,9,Lucas Costa,1989-08-10,Masculino,Solteiro,0,Vendedor,3400.0,2,Fornecedor B,Rio de Janeiro,"Av. H, 567",9876,1,Eletrônicos,3000.0
31,2,3,1,2,2,2024-07-02,Camiseta Z,50.0,2,3,2,Maria Santos,(21) 98765-5432,Rio de Janeiro,maria@email.com,Feminino,"Av. B, 456",4000.0,1985-08-15,2,Aline Costa,1980-12-20,Feminino,Solteira,0,Gerente,6000.0,3,Fornecedor C,Belo Horizonte,"Rua I, 890",5678,2,Roupas,50.0
32,54,8,2,14,2,2024-08-23,Calça Jeans,120.0,2,3,14,Patrícia Costa,(51) 98765-1098,Porto Alegre,patricia@email.com,Feminino,"Rua N, 765",4200.0,1981-12-31,2,Aline Costa,1980-12-20,Feminino,Solteira,0,Gerente,6000.0,3,Fornecedor C,Belo Horizonte,"Rua I, 890",5678,2,Roupas,240.0
33,94,8,2,14,2,2024-10-02,Calça Jeans,120.0,2,3,14,Patrícia Costa,(51) 98765-1098,Porto Alegre,patricia@email.com,Feminino,"Rua N, 765",4200.0,1981-12-31,2,Aline Costa,1980-12-20,Feminino,Solteira,0,Gerente,6000.0,3,Fornecedor C,Belo Horizonte,"Rua I, 890",5678,2,Roupas,240.0
34,34,8,2,34,2,2024-08-03,Calça Jeans,120.0,2,3,34,Fernanda Costa,(51) 98765-1098,Porto Alegre,fernanda@email.com,Feminino,"Rua H1, 876",4200.0,1983-02-09,2,Aline Costa,1980-12-20,Feminino,Solteira,0,Gerente,6000.0,3,Fornecedor C,Belo Horizonte,"Rua I, 890",5678,2,Roupas,240.0
35,74,8,2,34,2,2024-09-12,Calça Jeans,120.0,2,3,34,Fernanda Costa,(51) 98765-1098,Porto Alegre,fernanda@email.com,Feminino,"Rua H1, 876",4200.0,1983-02-09,2,Aline Costa,1980-12-20,Feminino,Solteira,0,Gerente,6000.0,3,Fornecedor C,Belo Horizonte,"Rua I, 890",5678,2,Roupas,240.0
36,114,8,2,34,2,2024-10-22,Calça Jeans,120.0,2,3,34,Fernanda Costa,(51) 98765-1098,Porto Alegre,fernanda@email.com,Feminino,"Rua H1, 876",4200.0,1983-02-09,2,Aline Costa,1980-12-20,Feminino,Solteira,0,Gerente,6000.0,3,Fornecedor C,Belo Horizonte,"Rua I, 890",5678,2,Roupas,240.0
37,7,8,1,7,5,2024-07-07,Calça Jeans,120.0,2,3,7,Rafael Costa,(21) 98765-8765,Rio de Janeiro,rafael@email.com,Masculino,"Av. G, 654",5500.0,1983-04-18,5,Rafael Martins,1983-09-18,Masculino,Casado,3,Gerente,6500.0,3,Fornecedor C,Belo Horizonte,"Rua I, 890",5678,2,Roupas,120.0
38,47,13,1,7,5,2024-08-16,Vestido Floral,150.0,2,3,7,Rafael Costa,(21) 98765-8765,Rio de Janeiro,rafael@email.com,Masculino,"Av. G, 654",5500.0,1983-04-18,5,Rafael Martins,1983-09-18,Masculino,Casado,3,Gerente,6500.0,3,Fornecedor C,Belo Horizonte,"Rua I, 890",5678,2,Roupas,150.0
39,87,13,1,7,5,2024-09-25,Vestido Floral,150.0,2,3,7,Rafael Costa,(21) 98765-8765,Rio de Janeiro,rafael@email.com,Masculino,"Av. G, 654",5500.0,1983-04-18,5,Rafael Martins,1983-09-18,Masculino,Casado,3,Gerente,6500.0,3,Fornecedor C,Belo Horizonte,"Rua I, 890",5678,2,Roupas,150.0
40,17,13,1,17,5,2024-07-17,Vestido Floral,150.0,2,3,17,Gabriel Silva,(21) 98765-8765,Rio de Janeiro,gabriel@email.com,Masculino,"Av. Q, 543",5500.0,1982-02-19,5,Rafael Martins,1983-09-18,Masculino,Casado,3,Gerente,6500.0,3,Fornecedor C,Belo Horizonte,"Rua I, 890",5678,2,Roupas,150.0
41,27,13,1,27,5,2024-07-27,Vestido Floral,150.0,2,3,27,Lucas Silva,(21) 98765-8765,Rio de Janeiro,lucas@email.com,Masculino,"Av. A1, 543",5500.0,1983-03-25,5,Rafael Martins,1983-09-18,Masculino,Casado,3,Gerente,6500.0,3,Fornecedor C,Belo Horizonte,"Rua I, 890",5678,2,Roupas,150.0
42,67,13,1,27,5,2024-09-05,Vestido Floral,150.0,2,3,27,Lucas Silva,(21) 98765-8765,Rio de Janeiro,lucas@email.com,Masculino,"Av. A1, 543",5500.0,1983-03-25,5,Rafael Martins,1983-09-18,Masculino,Casado,3,Gerente,6500.0,3,Fornecedor C,Belo Horizonte,"Rua I, 890",5678,2,Roupas,150.0
43,107,13,1,27,5,2024-10-15,Vestido Floral,150.0,2,3,27,Lucas Silva,(21) 98765-8765,Rio de Janeiro,lucas@email.com,Masculino,"Av. A1, 543",5500.0,1983-03-25,5,Rafael Martins,1983-09-18,Masculino,Casado,3,Gerente,6500.0,3,Fornecedor C,Belo Horizonte,"Rua I, 890",5678,2,Roupas,150.0
44,59,18,1,19,7,2024-08-28,Blusa de Frio,80.0,2,3,19,Fernando Oliveira,(51) 98765-6543,Porto Alegre,fernando@email.com,Masculino,"Av. S, 987",7000.0,1983-11-11,7,Rodrigo Santos,1977-11-30,Masculino,Divorciado,2,Caixa,2800.0,3,Fornecedor C,Belo Horizonte,"Rua I, 890",5678,2,Roupas,80.0
45,99,18,1,19,7,2024-10-07,Blusa de Frio,80.0,2,3,19,Fernando Oliveira,(51) 98765-6543,Porto Alegre,fernando@email.com,Masculino,"Av. S, 987",7000.0,1983-11-11,7,Rodrigo Santos,1977-11-30,Masculino,Divorciado,2,Caixa,2800.0,3,Fornecedor C,Belo Horizonte,"Rua I, 890",5678,2,Roupas,80.0
46,39,18,1,39,7,2024-08-08,Blusa de Frio,80.0,2,3,39,Thiago Martins,(51) 98765-6543,Porto Alegre,thiago@email.com,Masculino,"Av. M1, 321",7000.0,1985-01-14,7,Rodrigo Santos,1977-11-30,Masculino,Divorciado,2,Caixa,2800.0,3,Fornecedor C,Belo Horizonte,"Rua I, 890",5678,2,Roupas,80.0
47,79,18,1,39,7,2024-09-17,Blusa de Frio,80.0,2,3,39,Thiago Martins,(51) 98765-6543,Porto Alegre,thiago@email.com,Masculino,"Av. M1, 321",7000.0,1985-01-14,7,Rodrigo Santos,1977-11-30,Masculino,Divorciado,2,Caixa,2800.0,3,Fornecedor C,Belo Horizonte,"Rua I, 890",5678,2,Roupas,80.0
48,119,18,1,39,7,2024-10-27,Blusa de Frio,80.0,2,3,39,Thiago Martins,(51) 98765-6543,Porto Alegre,thiago@email.com,Masculino,"Av. M1, 321",7000.0,1985-01-14,7,Rodrigo Santos,1977-11-30,Masculino,Divorciado,2,Caixa,2800.0,3,Fornecedor C,Belo Horizonte,"Rua I, 890",5678,2,Roupas,80.0
49,42,3,2,2,10,2024-08-11,Camiseta Z,50.0,2,3,2,Maria Santos,(21) 98765-5432,Rio de Janeiro,maria@email.com,Feminino,"Av. B, 456",4000.0,1985-08-15,10,Ana Oliveira,1984-03-20,Feminino,Casada,2,Caixa,3000.0,3,Fornecedor C,Belo Horizonte,"Rua I, 890",5678,2,Roupas,100.0
50,82,3,2,2,10,2024-09-20,Camiseta Z,50.0,2,3,2,Maria Santos,(21) 98765-5432,Rio de Janeiro,maria@email.com,Feminino,"Av. B, 456",4000.0,1985-08-15,10,Ana Oliveira,1984-03-20,Feminino,Casada,2,Caixa,3000.0,3,Fornecedor C,Belo Horizonte,"Rua I, 890",5678,2,Roupas,100.0
51,122,3,2,2,10,2024-10-30,Camiseta Z,50.0,2,3,2,Maria Santos,(21) 98765-5432,Rio de Janeiro,maria@email.com,Feminino,"Av. B, 456",4000.0,1985-08-15,10,Ana Oliveira,1984-03-20,Feminino,Casada,2,Caixa,3000.0,3,Fornecedor C,Belo Horizonte,"Rua I, 890",5678,2,Roupas,100.0
52,12,18,1,12,10,2024-07-12,Blusa de Frio,80.0,2,3,12,Carla Lima,(21) 98765-3210,Rio de Janeiro,carla@email.com,Feminino,"Rua L, 1098",3900.0,1995-03-14,10,Ana Oliveira,1984-03-20,Feminino,Casada,2,Caixa,3000.0,3,Fornecedor C,Belo Horizonte,"Rua I, 890",5678,2,Roupas,80.0
53,22,3,2,22,10,2024-07-22,Camiseta Z,50.0,2,3,22,Amanda Costa,(21) 98765-3210,Rio de Janeiro,amanda@email.com,Feminino,"Rua V, 765",3900.0,1996-05-19,10,Ana Oliveira,1984-03-20,Feminino,Casada,2,Caixa,3000.0,3,Fornecedor C,Belo Horizonte,"Rua I, 890",5678,2,Roupas,100.0
54,62,3,2,22,10,2024-08-31,Camiseta Z,50.0,2,3,22,Amanda Costa,(21) 98765-3210,Rio de Janeiro,amanda@email.com,Feminino,"Rua V, 765",3900.0,1996-05-19,10,Ana Oliveira,1984-03-20,Feminino,Casada,2,Caixa,3000.0,3,Fornecedor C,Belo Horizonte,"Rua I, 890",5678,2,Roupas,100.0
55,102,3,2,22,10,2024-10-10,Camiseta Z,50.0,2,3,22,Amanda Costa,(21) 98765-3210,Rio de Janeiro,amanda@email.com,Feminino,"Rua V, 765",3900.0,1996-05-19,10,Ana Oliveira,1984-03-20,Feminino,Casada,2,Caixa,3000.0,3,Fornecedor C,Belo Horizonte,"Rua I, 890",5678,2,Roupas,100.0
56,5,4,3,5,2,2024-07-05,Arroz Integral,10.0,3,3,5,Pedro Santos,(41) 98765-8765,Curitiba,pedro@email.com,Masculino,"Rua E, 654",6000.0,1975-09-14,2,Aline Costa,1980-12-20,Feminino,Solteira,0,Gerente,6000.0,3,Fornecedor C,Belo Horizonte,"Rua I, 890",5678,3,Alimentos,30.0
57,45,9,1,5,3,2024-08-14,Feijão Carioca,8.0,3,3,5,Pedro Santos,(41) 98765-8765,Curitiba,pedro@email.com,Masculino,"Rua E, 654",6000.0,1975-09-14,3,Marcos Oliveira,1975-03-10,Masculino,Divorciado,1,Caixa,2800.0,3,Fornecedor C,Belo Horizonte,"Rua I, 890",5678,3,Alimentos,8.0
58,85,9,1,5,3,2024-09-23,Feijão Carioca,8.0,3,3,5,Pedro Santos,(41) 98765-8765,Curitiba,pedro@email.com,Masculino,"Rua E, 654",6000.0,1975-09-14,3,Marcos Oliveira,1975-03-10,Masculino,Divorciado,1,Caixa,2800.0,3,Fornecedor C,Belo Horizonte,"Rua I, 890",5678,3,Alimentos,8.0
59,15,9,3,15,3,2024-07-15,Feijão Carioca,8.0,3,3,15,Rodrigo Martins,(41) 98765-0987,Curitiba,rodrigo@email.com,Masculino,"Av. O, 321",6500.0,1978-06-23,3,Marcos Oliveira,1975-03-10,Masculino,Divorciado,1,Caixa,2800.0,3,Fornecedor C,Belo Horizonte,"Rua I, 890",5678,3,Alimentos,24.0
60,25,9,1,25,3,2024-07-25,Feijão Carioca,8.0,3,3,25,Marcos Santos,(41) 98765-0987,Curitiba,marcos@email.com,Masculino,"Av. Y, 987",6500.0,1979-07-21,3,Marcos Oliveira,1975-03-10,Masculino,Divorciado,1,Caixa,2800.0,3,Fornecedor C,Belo Horizonte,"Rua I, 890",5678,3,Alimentos,8.0
61,65,9,1,25,3,2024-09-03,Feijão Carioca,8.0,3,3,25,Marcos Santos,(41) 98765-0987,Curitiba,marcos@email.com,Masculino,"Av. Y, 987",6500.0,1979-07-21,3,Marcos Oliveira,1975-03-10,Masculino,Divorciado,1,Caixa,2800.0,3,Fornecedor C,Belo Horizonte,"Rua I, 890",5678,3,Alimentos,8.0
62,105,9,1,25,3,2024-10-13,Feijão Carioca,8.0,3,3,25,Marcos Santos,(41) 98765-0987,Curitiba,marcos@email.com,Masculino,"Av. Y, 987",6500.0,1979-07-21,3,Marcos Oliveira,1975-03-10,Masculino,Divorciado,1,Caixa,2800.0,3,Fornecedor C,Belo Horizonte,"Rua I, 890",5678,3,Alimentos,8.0
63,57,14,3,17,5,2024-08-26,Azeite de Oliva Extra Virgem,15.0,3,3,17,Gabriel Silva,(21) 98765-8765,Rio de Janeiro,gabriel@email.com,Masculino,"Av. Q, 543",5500.0,1982-02-19,5,Rafael Martins,1983-09-18,Masculino,Casado,3,Gerente,6500.0,3,Fornecedor C,Belo Horizonte,"Rua I, 890",5678,3,Alimentos,45.0
64,97,14,3,17,5,2024-10-05,Azeite de Oliva Extra Virgem,15.0,3,3,17,Gabriel Silva,(21) 98765-8765,Rio de Janeiro,gabriel@email.com,Masculino,"Av. Q, 543",5500.0,1982-02-19,5,Rafael Martins,1983-09-18,Masculino,Casado,3,Gerente,6500.0,3,Fornecedor C,Belo Horizonte,"Rua I, 890",5678,3,Alimentos,45.0
65,37,14,3,37,5,2024-08-06,Azeite de Oliva Extra Virgem,15.0,3,3,37,Eduardo Silva,(21) 98765-8765,Rio de Janeiro,eduardo@email.com,Masculino,"Av. K1, 543",5500.0,1984-04-30,5,Rafael Martins,1983-09-18,Masculino,Casado,3,Gerente,6500.0,3,Fornecedor C,Belo Horizonte,"Rua I, 890",5678,3,Alimentos,45.0
66,77,14,3,37,5,2024-09-15,Azeite de Oliva Extra Virgem,15.0,3,3,37,Eduardo Silva,(21) 98765-8765,Rio de Janeiro,eduardo@email.com,Masculino,"Av. K1, 543",5500.0,1984-04-30,5,Rafael Martins,1983-09-18,Masculino,Casado,3,Gerente,6500.0,3,Fornecedor C,Belo Horizonte,"Rua I, 890",5678,3,Alimentos,45.0
67,117,14,3,37,5,2024-10-25,Azeite de Oliva Extra Virgem,15.0,3,3,37,Eduardo Silva,(21) 98765-8765,Rio de Janeiro,eduardo@email.com,Masculino,"Av. K1, 543",5500.0,1984-04-30,5,Rafael Martins,1983-09-18,Masculino,Casado,3,Gerente,6500.0,3,Fornecedor C,Belo Horizonte,"Rua I, 890",5678,3,Alimentos,45.0
68,10,14,2,10,8,2024-07-10,Azeite de Oliva Extra Virgem,15.0,3,3,10,Camila Silva,(41) 98765-5432,Curitiba,camila@email.com,Feminino,"Rua J, 876",3200.0,1992-07-05,8,Mariana Ferreira,1985-02-15,Feminino,Casada,1,Gerente,6000.0,3,Fornecedor C,Belo Horizonte,"Rua I, 890",5678,3,Alimentos,30.0
69,50,19,1,10,8,2024-08-19,Cereal Matinal,12.0,3,3,10,Camila Silva,(41) 98765-5432,Curitiba,camila@email.com,Feminino,"Rua J, 876",3200.0,1992-07-05,8,Mariana Ferreira,1985-02-15,Feminino,Casada,1,Gerente,6000.0,3,Fornecedor C,Belo Horizonte,"Rua I, 890",5678,3,Alimentos,12.0
70,90,19,1,10,8,2024-09-28,Cereal Matinal,12.0,3,3,10,Camila Silva,(41) 98765-5432,Curitiba,camila@email.com,Feminino,"Rua J, 876",3200.0,1992-07-05,8,Mariana Ferreira,1985-02-15,Feminino,Casada,1,Gerente,6000.0,3,Fornecedor C,Belo Horizonte,"Rua I, 890",5678,3,Alimentos,12.0
71,20,19,3,20,8,2024-07-20,Cereal Matinal,12.0,3,3,20,Larissa Santos,(41) 98765-5432,Curitiba,larissa@email.com,Feminino,"Rua T, 432",3200.0,1993-08-25,8,Mariana Ferreira,1985-02-15,Feminino,Casada,1,Gerente,6000.0,3,Fornecedor C,Belo Horizonte,"Rua I, 890",5678,3,Alimentos,36.0
72,30,19,1,30,8,2024-07-30,Cereal Matinal,12.0,3,3,30,Julia Santos,(41) 98765-5432,Curitiba,julia@email.com,Feminino,"Rua D1, 876",3200.0,1994-09-10,8,Mariana Ferreira,1985-02-15,Feminino,Casada,1,Gerente,6000.0,3,Fornecedor C,Belo Horizonte,"Rua I, 890",5678,3,Alimentos,12.0
73,70,19,1,30,8,2024-09-08,Cereal Matinal,12.0,3,3,30,Julia Santos,(41) 98765-5432,Curitiba,julia@email.com,Feminino,"Rua D1, 876",3200.0,1994-09-10,8,Mariana Ferreira,1985-02-15,Feminino,Casada,1,Gerente,6000.0,3,Fornecedor C,Belo Horizonte,"Rua I, 890",5678,3,Alimentos,12.0
74,110,19,1,30,8,2024-10-18,Cereal Matinal,12.0,3,3,30,Julia Santos,(41) 98765-5432,Curitiba,julia@email.com,Feminino,"Rua D1, 876",3200.0,1994-09-10,8,Mariana Ferreira,1985-02-15,Feminino,Casada,1,Gerente,6000.0,3,Fornecedor C,Belo Horizonte,"Rua I, 890",5678,3,Alimentos,12.0
75,52,4,2,12,10,2024-08-21,Arroz Integral,10.0,3,3,12,Carla Lima,(21) 98765-3210,Rio de Janeiro,carla@email.com,Feminino,"Rua L, 1098",3900.0,1995-03-14,10,Ana Oliveira,1984-03-20,Feminino,Casada,2,Caixa,3000.0,3,Fornecedor C,Belo Horizonte,"Rua I, 890",5678,3,Alimentos,20.0
76,92,4,2,12,10,2024-09-30,Arroz Integral,10.0,3,3,12,Carla Lima,(21) 98765-3210,Rio de Janeiro,carla@email.com,Feminino,"Rua L, 1098",3900.0,1995-03-14,10,Ana Oliveira,1984-03-20,Feminino,Casada,2,Caixa,3000.0,3,Fornecedor C,Belo Horizonte,"Rua I, 890",5678,3,Alimentos,20.0
77,32,4,2,32,10,2024-08-01,Arroz Integral,10.0,3,3,32,Carolina Costa,(21) 98765-3210,Rio de Janeiro,carolina@email.com,Feminino,"Rua F1, 765",3900.0,1997-04-15,10,Ana Oliveira,1984-03-20,Feminino,Casada,2,Caixa,3000.0,3,Fornecedor C,Belo Horizonte,"Rua I, 890",5678,3,Alimentos,20.0
78,72,4,2,32,10,2024-09-10,Arroz Integral,10.0,3,3,32,Carolina Costa,(21) 98765-3210,Rio de Janeiro,carolina@email.com,Feminino,"Rua F1, 765",3900.0,1997-04-15,10,Ana Oliveira,1984-03-20,Feminino,Casada,2,Caixa,3000.0,3,Fornecedor C,Belo Horizonte,"Rua I, 890",5678,3,Alimentos,20.0
79,112,4,2,32,10,2024-10-20,Arroz Integral,10.0,3,3,32,Carolina Costa,(21) 98765-3210,Rio de Janeiro,carolina@email.com,Feminino,"Rua F1, 765",3900.0,1997-04-15,10,Ana Oliveira,1984-03-20,Feminino,Casada,2,Caixa,3000.0,3,Fornecedor C,Belo Horizonte,"Rua I, 890",5678,3,Alimentos,20.0
80,3,5,1,3,1,2024-07-03,Sofá Confort,2500.0,4,1,3,Carlos Oliveira,(31) 98765-6543,Belo Horizonte,carlos@email.com,Masculino,"Rua C, 789",4500.0,1982-03-25,1,Fernando Silva,1982-07-15,Masculino,Casado,2,Vendedor,3500.0,1,Fornecedor A,São Paulo,"Rua G, 234",1234,4,Móveis,2500.0
81,43,5,1,3,1,2024-08-12,Sofá Confort,2500.0,4,1,3,Carlos Oliveira,(31) 98765-6543,Belo Horizonte,carlos@email.com,Masculino,"Rua C, 789",4500.0,1982-03-25,1,Fernando Silva,1982-07-15,Masculino,Casado,2,Vendedor,3500.0,1,Fornecedor A,São Paulo,"Rua G, 234",1234,4,Móveis,2500.0
82,83,5,1,3,1,2024-09-21,Sofá Confort,2500.0,4,1,3,Carlos Oliveira,(31) 98765-6543,Belo Horizonte,carlos@email.com,Masculino,"Rua C, 789",4500.0,1982-03-25,1,Fernando Silva,1982-07-15,Masculino,Casado,2,Vendedor,3500.0,1,Fornecedor A,São Paulo,"Rua G, 234",1234,4,Móveis,2500.0
83,123,5,1,3,1,2024-10-31,Sofá Confort,2500.0,4,1,3,Carlos Oliveira,(31) 98765-6543,Belo Horizonte,carlos@email.com,Masculino,"Rua C, 789",4500.0,1982-03-25,1,Fernando Silva,1982-07-15,Masculino,Casado,2,Vendedor,3500.0,1,Fornecedor A,São Paulo,"Rua G, 234",1234,4,Móveis,2500.0
84,13,20,2,13,1,2024-07-13,Sapateira,200.0,4,1,13,Bruno Oliveira,(31) 98765-2109,Belo Horizonte,bruno@email.com,Masculino,"Av. M, 432",4500.0,1984-08-07,1,Fernando Silva,1982-07-15,Masculino,Casado,2,Vendedor,3500.0,1,Fornecedor A,São Paulo,"Rua G, 234",1234,4,Móveis,400.0
85,23,5,1,23,1,2024-07-23,Sofá Confort,2500.0,4,1,23,Renato Oliveira,(31) 98765-2109,Belo Horizonte,renato@email.com,Masculino,"Av. W, 321",4500.0,1985-10-14,1,Fernando Silva,1982-07-15,Masculino,Casado,2,Vendedor,3500.0,1,Fornecedor A,São Paulo,"Rua G, 234",1234,4,Móveis,2500.0
86,63,5,1,23,1,2024-09-01,Sofá Confort,2500.0,4,1,23,Renato Oliveira,(31) 98765-2109,Belo Horizonte,renato@email.com,Masculino,"Av. W, 321",4500.0,1985-10-14,1,Fernando Silva,1982-07-15,Masculino,Casado,2,Vendedor,3500.0,1,Fornecedor A,São Paulo,"Rua G, 234",1234,4,Móveis,2500.0
87,103,5,1,23,1,2024-10-11,Sofá Confort,2500.0,4,1,23,Renato Oliveira,(31) 98765-2109,Belo Horizonte,renato@email.com,Masculino,"Av. W, 321",4500.0,1985-10-14,1,Fernando Silva,1982-07-15,Masculino,Casado,2,Vendedor,3500.0,1,Fornecedor A,São Paulo,"Rua G, 234",1234,4,Móveis,2500.0
88,55,10,1,15,3,2024-08-24,Mesa de Jantar,1500.0,4,1,15,Rodrigo Martins,(41) 98765-0987,Curitiba,rodrigo@email.com,Masculino,"Av. O, 321",6500.0,1978-06-23,3,Marcos Oliveira,1975-03-10,Masculino,Divorciado,1,Caixa,2800.0,1,Fornecedor A,São Paulo,"Rua G, 234",1234,4,Móveis,1500.0
89,95,10,1,15,3,2024-10-03,Mesa de Jantar,1500.0,4,1,15,Rodrigo Martins,(41) 98765-0987,Curitiba,rodrigo@email.com,Masculino,"Av. O, 321",6500.0,1978-06-23,3,Marcos Oliveira,1975-03-10,Masculino,Divorciado,1,Caixa,2800.0,1,Fornecedor A,São Paulo,"Rua G, 234",1234,4,Móveis,1500.0
90,35,10,1,35,3,2024-08-04,Mesa de Jantar,1500.0,4,1,35,Gabriel Santos,(41) 98765-0987,Curitiba,gabriel@email.com,Masculino,"Av. I1, 987",6500.0,1980-08-13,3,Marcos Oliveira,1975-03-10,Masculino,Divorciado,1,Caixa,2800.0,1,Fornecedor A,São Paulo,"Rua G, 234",1234,4,Móveis,1500.0
91,75,10,1,35,3,2024-09-13,Mesa de Jantar,1500.0,4,1,35,Gabriel Santos,(41) 98765-0987,Curitiba,gabriel@email.com,Masculino,"Av. I1, 987",6500.0,1980-08-13,3,Marcos Oliveira,1975-03-10,Masculino,Divorciado,1,Caixa,2800.0,1,Fornecedor A,São Paulo,"Rua G, 234",1234,4,Móveis,1500.0
92,115,10,1,35,3,2024-10-23,Mesa de Jantar,1500.0,4,1,35,Gabriel Santos,(41) 98765-0987,Curitiba,gabriel@email.com,Masculino,"Av. I1, 987",6500.0,1980-08-13,3,Marcos Oliveira,1975-03-10,Masculino,Divorciado,1,Caixa,2800.0,1,Fornecedor A,São Paulo,"Rua G, 234",1234,4,Móveis,1500.0
93,8,10,1,8,6,2024-07-08,Mesa de Jantar,1500.0,4,1,8,Mariana Oliveira,(31) 98765-7654,Belo Horizonte,mariana@email.com,Feminino,"Rua H, 987",4800.0,1989-02-22,6,Carla Lima,1990-04-25,Feminino,Solteira,0,Vendedora,3000.0,1,Fornecedor A,São Paulo,"Rua G, 234",1234,4,Móveis,1500.0
94,48,15,1,8,6,2024-08-17,Guarda-Roupa 6 Portas,1800.0,4,1,8,Mariana Oliveira,(31) 98765-7654,Belo Horizonte,mariana@email.com,Feminino,"Rua H, 987",4800.0,1989-02-22,6,Carla Lima,1990-04-25,Feminino,Solteira,0,Vendedora,3000.0,1,Fornecedor A,São Paulo,"Rua G, 234",1234,4,Móveis,1800.0
95,88,15,1,8,6,2024-09-26,Guarda-Roupa 6 Portas,1800.0,4,1,8,Mariana Oliveira,(31) 98765-7654,Belo Horizonte,mariana@email.com,Feminino,"Rua H, 987",4800.0,1989-02-22,6,Carla Lima,1990-04-25,Feminino,Solteira,0,Vendedora,3000.0,1,Fornecedor A,São Paulo,"Rua G, 234",1234,4,Móveis,1800.0
96,18,15,2,18,6,2024-07-18,Guarda-Roupa 6 Portas,1800.0,4,1,18,Vanessa Souza,(31) 98765-7654,Belo Horizonte,vanessa@email.com,Feminino,"Rua R, 234",4000.0,1990-04-03,6,Carla Lima,1990-04-25,Feminino,Solteira,0,Vendedora,3000.0,1,Fornecedor A,São Paulo,"Rua G, 234",1234,4,Móveis,3600.0
97,28,15,1,28,6,2024-07-28,Guarda-Roupa 6 Portas,1800.0,4,1,28,Natália Souza,(31) 98765-7654,Belo Horizonte,natalia@email.com,Feminino,"Rua B1, 987",4000.0,1991-05-08,6,Carla Lima,1990-04-25,Feminino,Solteira,0,Vendedora,3000.0,1,Fornecedor A,São Paulo,"Rua G, 234",1234,4,Móveis,1800.0
98,68,15,1,28,6,2024-09-06,Guarda-Roupa 6 Portas,1800.0,4,1,28,Natália Souza,(31) 98765-7654,Belo Horizonte,natalia@email.com,Feminino,"Rua B1, 987",4000.0,1991-05-08,6,Carla Lima,1990-04-25,Feminino,Solteira,0,Vendedora,3000.0,1,Fornecedor A,São Paulo,"Rua G, 234",1234,4,Móveis,1800.0
99,108,15,1,28,6,2024-10-16,Guarda-Roupa 6 Portas,1800.0,4,1,28,Natália Souza,(31) 98765-7654,Belo Horizonte,natalia@email.com,Feminino,"Rua B1, 987",4000.0,1991-05-08,6,Carla Lima,1990-04-25,Feminino,Solteira,0,Vendedora,3000.0,1,Fornecedor A,São Paulo,"Rua G, 234",1234,4,Móveis,1800.0
100,60,20,2,20,8,2024-08-29,Sapateira,200.0,4,1,20,Larissa Santos,(41) 98765-5432,Curitiba,larissa@email.com,Feminino,"Rua T, 432",3200.0,1993-08-25,8,Mariana Ferreira,1985-02-15,Feminino,Casada,1,Gerente,6000.0,1,Fornecedor A,São Paulo,"Rua G, 234",1234,4,Móveis,400.0
101,100,20,2,20,8,2024-10-08,Sapateira,200.0,4,1,20,Larissa Santos,(41) 98765-5432,Curitiba,larissa@email.com,Feminino,"Rua T, 432",3200.0,1993-08-25,8,Mariana Ferreira,1985-02-15,Feminino,Casada,1,Gerente,6000.0,1,Fornecedor A,São Paulo,"Rua G, 234",1234,4,Móveis,400.0
102,40,20,2,40,8,2024-08-09,Sapateira,200.0,4,1,40,Mariana Santos,(41) 98765-5432,Curitiba,mariana@email.com,Feminino,"Rua N1, 876",3200.0,1993-04-27,8,Mariana Ferreira,1985-02-15,Feminino,Casada,1,Gerente,6000.0,1,Fornecedor A,São Paulo,"Rua G, 234",1234,4,Móveis,400.0
103,80,20,2,40,8,2024-09-18,Sapateira,200.0,4,1,40,Mariana Santos,(41) 98765-5432,Curitiba,mariana@email.com,Feminino,"Rua N1, 876",3200.0,1993-04-27,8,Mariana Ferreira,1985-02-15,Feminino,Casada,1,Gerente,6000.0,1,Fornecedor A,São Paulo,"Rua G, 234",1234,4,Móveis,400.0
104,120,20,2,40,8,2024-10-28,Sapateira,200.0,4,1,40,Mariana Santos,(41) 98765-5432,Curitiba,mariana@email.com,Feminino,"Rua N1, 876",3200.0,1993-04-27,8,Mariana Ferreira,1985-02-15,Feminino,Casada,1,Gerente,6000.0,1,Fornecedor A,São Paulo,"Rua G, 234",1234,4,Móveis,400.0
105,53,6,1,13,1,2024-08-22,Shampoo Revitalizante,20.0,5,2,13,Bruno Oliveira,(31) 98765-2109,Belo Horizonte,bruno@email.com,Masculino,"Av. M, 432",4500.0,1984-08-07,1,Fernando Silva,1982-07-15,Masculino,Casado,2,Vendedor,3500.0,2,Fornecedor B,Rio de Janeiro,"Av. H, 567",9876,5,Cosméticos,20.0
106,93,6,1,13,1,2024-10-01,Shampoo Revitalizante,20.0,5,2,13,Bruno Oliveira,(31) 98765-2109,Belo Horizonte,bruno@email.com,Masculino,"Av. M, 432",4500.0,1984-08-07,1,Fernando Silva,1982-07-15,Masculino,Casado,2,Vendedor,3500.0,2,Fornecedor B,Rio de Janeiro,"Av. H, 567",9876,5,Cosméticos,20.0
107,33,6,1,33,1,2024-08-02,Shampoo Revitalizante,20.0,5,2,33,Paulo Oliveira,(31) 98765-2109,Belo Horizonte,paulo@email.com,Masculino,"Av. G1, 321",4500.0,1986-11-18,1,Fernando Silva,1982-07-15,Masculino,Casado,2,Vendedor,3500.0,2,Fornecedor B,Rio de Janeiro,"Av. H, 567",9876,5,Cosméticos,20.0
108,73,6,1,33,1,2024-09-11,Shampoo Revitalizante,20.0,5,2,33,Paulo Oliveira,(31) 98765-2109,Belo Horizonte,paulo@email.com,Masculino,"Av. G1, 321",4500.0,1986-11-18,1,Fernando Silva,1982-07-15,Masculino,Casado,2,Vendedor,3500.0,2,Fornecedor B,Rio de Janeiro,"Av. H, 567",9876,5,Cosméticos,20.0
109,113,6,1,33,1,2024-10-21,Shampoo Revitalizante,20.0,5,2,33,Paulo Oliveira,(31) 98765-2109,Belo Horizonte,paulo@email.com,Masculino,"Av. G1, 321",4500.0,1986-11-18,1,Fernando Silva,1982-07-15,Masculino,Casado,2,Vendedor,3500.0,2,Fornecedor B,Rio de Janeiro,"Av. H, 567",9876,5,Cosméticos,20.0
110,6,6,2,6,4,2024-07-06,Shampoo Revitalizante,20.0,5,2,6,Luciana Lima,(11) 98765-9876,São Paulo,luciana@email.com,Feminino,"Rua F, 321",4200.0,1987-06-30,4,Patrícia Souza,1988-06-05,Feminino,Solteira,0,Vendedora,3200.0,2,Fornecedor B,Rio de Janeiro,"Av. H, 567",9876,5,Cosméticos,40.0
111,46,11,2,6,4,2024-08-15,Condicionador Hidratante,25.0,5,2,6,Luciana Lima,(11) 98765-9876,São Paulo,luciana@email.com,Feminino,"Rua F, 321",4200.0,1987-06-30,4,Patrícia Souza,1988-06-05,Feminino,Solteira,0,Vendedora,3200.0,2,Fornecedor B,Rio de Janeiro,"Av. H, 567",9876,5,Cosméticos,50.0
112,86,11,2,6,4,2024-09-24,Condicionador Hidratante,25.0,5,2,6,Luciana Lima,(11) 98765-9876,São Paulo,luciana@email.com,Feminino,"Rua F, 321",4200.0,1987-06-30,4,Patrícia Souza,1988-06-05,Feminino,Solteira,0,Vendedora,3200.0,2,Fornecedor B,Rio de Janeiro,"Av. H, 567",9876,5,Cosméticos,50.0
113,16,11,1,16,4,2024-07-16,Condicionador Hidratante,25.0,5,2,16,Juliana Ferreira,(11) 98765-9876,São Paulo,juliana@email.com,Feminino,"Rua P, 876",4800.0,1987-09-17,4,Patrícia Souza,1988-06-05,Feminino,Solteira,0,Vendedora,3200.0,2,Fornecedor B,Rio de Janeiro,"Av. H, 567",9876,5,Cosméticos,25.0
114,26,11,2,26,4,2024-07-26,Condicionador Hidratante,25.0,5,2,26,Isabela Ferreira,(11) 98765-9876,São Paulo,isabela@email.com,Feminino,"Rua Z, 234",4800.0,1988-10-03,4,Patrícia Souza,1988-06-05,Feminino,Solteira,0,Vendedora,3200.0,2,Fornecedor B,Rio de Janeiro,"Av. H, 567",9876,5,Cosméticos,50.0
115,66,11,2,26,4,2024-09-04,Condicionador Hidratante,25.0,5,2,26,Isabela Ferreira,(11) 98765-9876,São Paulo,isabela@email.com,Feminino,"Rua Z, 234",4800.0,1988-10-03,4,Patrícia Souza,1988-06-05,Feminino,Solteira,0,Vendedora,3200.0,2,Fornecedor B,Rio de Janeiro,"Av. H, 567",9876,5,Cosméticos,50.0
116,106,11,2,26,4,2024-10-14,Condicionador Hidratante,25.0,5,2,26,Isabela Ferreira,(11) 98765-9876,São Paulo,isabela@email.com,Feminino,"Rua Z, 234",4800.0,1988-10-03,4,Patrícia Souza,1988-06-05,Feminino,Solteira,0,Vendedora,3200.0,2,Fornecedor B,Rio de Janeiro,"Av. H, 567",9876,5,Cosméticos,50.0
117,58,16,1,18,6,2024-08-27,Perfume Masculino,80.0,5,2,18,Vanessa Souza,(31) 98765-7654,Belo Horizonte,vanessa@email.com,Feminino,"Rua R, 234",4000.0,1990-04-03,6,Carla Lima,1990-04-25,Feminino,Solteira,0,Vendedora,3000.0,2,Fornecedor B,Rio de Janeiro,"Av. H, 567",9876,5,Cosméticos,80.0
118,98,16,1,18,6,2024-10-06,Perfume Masculino,80.0,5,2,18,Vanessa Souza,(31) 98765-7654,Belo Horizonte,vanessa@email.com,Feminino,"Rua R, 234",4000.0,1990-04-03,6,Carla Lima,1990-04-25,Feminino,Solteira,0,Vendedora,3000.0,2,Fornecedor B,Rio de Janeiro,"Av. H, 567",9876,5,Cosméticos,80.0
119,38,16,1,38,6,2024-08-07,Perfume Masculino,80.0,5,2,38,Renata Oliveira,(31) 98765-7654,Belo Horizonte,renata@email.com,Feminino,"Rua L1, 987",4000.0,1992-06-03,6,Carla Lima,1990-04-25,Feminino,Solteira,0,Vendedora,3000.0,2,Fornecedor B,Rio de Janeiro,"Av. H, 567",9876,5,Cosméticos,80.0
120,78,16,1,38,6,2024-09-16,Perfume Masculino,80.0,5,2,38,Renata Oliveira,(31) 98765-7654,Belo Horizonte,renata@email.com,Feminino,"Rua L1, 987",4000.0,1992-06-03,6,Carla Lima,1990-04-25,Feminino,Solteira,0,Vendedora,3000.0,2,Fornecedor B,Rio de Janeiro,"Av. H, 567",9876,5,Cosméticos,80.0
121,118,16,1,38,6,2024-10-26,Perfume Masculino,80.0,5,2,38,Renata Oliveira,(31) 98765-7654,Belo Horizonte,renata@email.com,Feminino,"Rua L1, 987",4000.0,1992-06-03,6,Carla Lima,1990-04-25,Feminino,Solteira,0,Vendedora,3000.0,2,Fornecedor B,Rio de Janeiro,"Av. H, 567",9876,5,Cosméticos,80.0
122,11,16,1,11,9,2024-07-11,Perfume Masculino,80.0,5,2,11,Felipe Santos,(11) 98765-4321,São Paulo,felipe@email.com,Masculino,"Av. K, 567",5800.0,1986-11-28,9,Lucas Costa,1989-08-10,Masculino,Solteiro,0,Vendedor,3400.0,2,Fornecedor B,Rio de Janeiro,"Av. H, 567",9876,5,Cosméticos,80.0
